time,Drive.left_vel,Drive.right_vel,Drive.left_setpoint,Drive.right_setpoint,Drive.left_current,Drive.right_current,Drive.left_voltage,Drive.right_voltage,Drive.left_pos,Drive.right_pos,Drive.left_error,Drive.right_error,Drive.heading,Drive.rotational_velocity,Drive.raw_angle,Drive.x_accel,Drive.y_accel,pneumatics.pressure,climber.current,climber.voltage,climber.power,EliPoseEstimator.effective_wheelbase,EliPoseEstimator.recalced_left,EliPoseEstimator.percent_changed,EliPoseEstimator.x_displacement,EliPoseEstimator.y_displacement,OI.Fwd,OI.Rot,
0,0.0,0.0,0.0,0.0,0.125,0.0,0.0,0.0,0.0,0.0,0.0,0.0,1.7300000190734863,0.0,1.7300000190734863,0.06434000305598601,-0.06434000305598601,103.60106105,0.0,0.0,0.0,0.0,false,0.0,0.0,0.0,0.0,0.0
12295,0.0,0.0,0.0,0.0,0.125,0.0,0.0,0.0,0.0,0.0,0.0,0.0,1.690000057220459,0.0,1.690000057220459,-0.12868000611197203,-0.25736001222394406,103.4179556,0.0,0.0,0.0,-0.0,false,0.0,0.0,0.0,0.0,0.0
12348,0.0,0.0,0.0,0.0,0.125,0.0,0.0,0.0,0.0,0.0,0.0,0.0,1.690000057220459,-0.009999990463256836,1.690000057220459,1.4154799923300745,-3.2170000479370358,103.84520165,0.0,0.0,0.0,0.0,false,0.0,0.0,0.0,0.0,0.0
12388,0.0,0.0,0.0,0.0,0.125,0.0,0.0,0.0,0.0,0.0,0.0,0.0,1.690000057220459,-0.009999990463256836,1.690000057220459,2.026710032597184,-1.7693499904125929,103.84520165,0.0,0.0,0.0,-1.0,false,0.0,0.0,0.0,0.0,0.0
12448,0.0,0.0,0.0,0.0,0.125,0.0,0.0,0.0,0.0,0.0,0.0,0.0,1.690000057220459,-0.009999990463256836,1.690000057220459,-3.3456800690293313,-0.3860400033555925,104.0283071,0.0,0.0,0.0,-0.0,false,0.0,0.0,0.0,0.0,0.0
12488,0.0,0.0,0.0,0.0,0.125,0.0,0.0,0.0,0.0,0.0,0.0,0.0,1.690000057220459,-0.009999990463256836,1.690000057220459,0.48254998921416703,0.22519000695087016,104.0283071,0.0,0.0,0.0,0.0,false,0.0,0.0,0.0,0.0,0.0
12549,0.0,0.0,0.0,0.0,0.125,0.0,0.0,0.0,0.0,0.0,0.0,0.0,1.690000057220459,-0.009999990463256836,1.690000057220459,-0.5790599750727415,0.8042500119842589,104.21141255,0.0,0.0,0.0,-1.0,false,0.0,0.0,0.0,0.0,0.0
12588,0.0,0.0,0.0,0.0,0.125,0.0,0.0,0.0,0.0,0.0,0.0,0.0,1.7000000476837158,0.0,1.7000000476837158,-4.503800019174815,-0.9007600278034806,104.27244770000001,0.0,0.0,0.0,2.746451190899356,false,0.0,-2.3956921733747763E-4,-7.047474805396823E-6,0.0,0.0
12648,0.0,0.0,0.0,0.0,0.125,0.0,0.0,0.0,0.0,0.0,0.0,0.0,1.7000000476837158,0.009999990463256836,1.7000000476837158,-0.4182100086286664,3.69955006711185,104.33348285000002,0.0,0.0,0.0,0.0,false,0.0,-2.3956921733747763E-4,-7.047474805396823E-6,0.0,0.0
12688,0.0,0.0,0.0,0.0,0.125,0.0,0.0,0.0,0.0,0.0,0.0,0.0,1.690000057220459,-0.009999990463256836,1.690000057220459,-0.8685900225304067,1.0294400488957762,104.45555315000001,0.0,0.0,0.0,0.0,false,0.0,-2.3956921733747763E-4,-7.047474805396823E-6,0.0,0.0
12748,0.0,0.0,0.0,0.0,0.125,0.0,0.0,0.0,0.0,0.0,0.0,0.0,1.7000000476837158,0.009999990463256836,1.7000000476837158,-3.6030401112139225,-1.6728400345146657,104.45555315000001,0.0,0.0,0.0,0.0,false,0.0,-2.3956921733747763E-4,-7.047474805396823E-6,0.0,0.0
12788,0.0,0.0,0.0,0.0,0.125,0.0,0.0,0.0,-4.79345703125E-4,0.0,0.0,0.0,1.7000000476837158,0.009999990463256836,1.7000000476837158,0.09651000083889813,3.570870046019554,104.63865860000001,0.0,0.0,0.0,-1.0,false,0.0,-2.3956921733747763E-4,-7.047474805396823E-6,0.0,0.0
12848,0.0,0.0,0.0,0.0,0.125,0.0,0.0,0.0,0.0,0.0,0.0,0.0,1.690000057220459,-0.009999990463256836,1.690000057220459,-0.9007600278034806,0.9329299731552602,104.69969375000002,0.0,0.0,0.0,0.0,false,0.0,-2.3956921733747763E-4,-7.047474805396823E-6,0.0,0.0
12888,0.0,0.0,0.0,0.0,0.125,0.0,0.0,0.0,0.0,0.0,0.0,0.0,1.7000000476837158,0.0,1.7000000476837158,-4.214269911795855,-1.2867999712377787,104.69969375000002,0.0,0.0,0.0,-2.746451190899356,false,0.0,-4.7913719857835887E-4,-1.4136762107460166E-5,0.0,0.0
12948,0.0,0.0,0.0,0.0,0.125,0.0,0.0,0.0,0.0,0.0,0.0,0.0,1.7000000476837158,0.009999990463256836,1.7000000476837158,-1.2867999712377787,2.7987899194657806,104.88279920000002,17.375,11.2,194.6,0.0,false,0.0,-2.4746257408134707E-9,8.362492134916944E-8,0.0,0.0
12989,0.0,0.0,0.0,0.0,0.125,0.0,0.0,0.0,-4.79345703125E-4,0.0,0.0,0.0,1.690000057220459,0.0,1.690000057220459,-1.833690000958741,3.763889957815409,104.69969375000002,38.5,11.2,431.2,-1.0,false,0.0,2.3956674271173681E-4,7.131099726745992E-6,0.0,0.0
13049,0.0,0.0,0.0,0.0,0.125,0.0,0.0,0.0,-4.79345703125E-4,0.0,0.0,0.0,1.690000057220459,0.0,1.690000057220459,-1.6728400345146657,-0.7399100014381111,105.06590465000002,22.5,11.350000000000001,255.37500000000003,-1.0,false,0.0,-2.3957045586662205E-4,-7.005662380714173E-6,0.0,0.0
13088,0.0,0.0,0.0,0.0,0.125,0.0,0.0,0.0,0.0,0.0,0.0,0.0,1.690000057220459,0.0,1.690000057220459,-1.54416001342237,0.9650999784283341,105.00486950000001,14.125,11.350000000000001,160.31875000000002,-1.0,false,0.0,2.3956674271173681E-4,7.131099726745992E-6,0.0,0.0
13148,0.0,0.0,0.0,0.0,0.125,0.0,0.0,0.0,-4.79345703125E-4,0.0,0.0,0.0,1.690000057220459,0.0,1.690000057220459,-1.6406699693202973,2.316239900290966,104.94383435,11.875,11.350000000000001,134.78125000000003,-1.0,false,0.0,-2.3957045586662205E-4,-7.005662380714173E-6,0.0,0.0
13188,0.0,0.0,0.0,0.0,0.125,0.0,0.0,0.0,-4.79345703125E-4,0.0,0.0,0.0,1.6699999570846558,0.0,1.6699999570846558,2.1232199884951117,0.6433999856188893,105.18797495000001,10.625,11.850000000000001,125.90625000000001,-0.0,false,0.0,-2.3957045586662205E-4,-7.005662380714173E-6,0.0,0.0
13248,0.0,0.0,0.0,0.0,0.125,0.0,0.0,0.0,-4.79345703125E-4,0.0,0.0,0.0,1.6699999570846558,0.0,1.6699999570846558,-0.4182100086286664,3.6030401112139225,105.24901010000002,9.25,11.850000000000001,109.61250000000001,-1.0,false,0.0,-2.3957045586662205E-4,-7.005662380714173E-6,0.0,0.0
13289,0.0,0.0,0.0,0.0,0.125,0.0,0.0,0.0,-4.79345703125E-4,0.0,0.0,0.0,1.6699999570846558,0.0,1.6699999570846558,2.47708998657763,-3.9569101092964414,105.4931507,8.75,11.95,0.0,-1.0,false,0.0,-2.3957045586662205E-4,-7.005662380714173E-6,0.0,0.0
13348,0.0,0.0,0.0,0.0,0.125,0.0,0.0,0.0,-4.79345703125E-4,0.0,0.0,0.0,1.6699999570846558,0.0,1.6699999570846558,-0.8364200172573328,2.927469940558076,105.4931507,3.5,0.0,0.0,-1.0,false,0.0,-2.3957045586662205E-4,-7.005662380714173E-6,0.0,0.0
13387,0.0,0.0,0.0,0.0,0.125,0.0,0.0,0.0,-4.79345703125E-4,0.0,0.0,0.0,1.6699999570846558,0.0,1.6699999570846558,-0.3860400033555925,0.12868000611197203,105.4931507,0.0,0.0,0.0,-1.0,false,0.0,-2.3957045586662205E-4,-7.005662380714173E-6,0.0,0.0
13447,0.0,0.0,0.0,0.0,0.125,0.0,0.0,0.0,-4.79345703125E-4,0.0,0.0,0.0,1.6699999570846558,0.0,1.6699999570846558,-3.4421900249272586,-1.0294400488957762,105.55418585000001,0.0,0.0,0.0,-1.0,false,0.0,-2.3957045586662205E-4,-7.005662380714173E-6,0.0,0.0
13488,0.0,0.0,0.0,0.0,0.125,0.0,0.0,0.0,-4.79345703125E-4,0.0,0.0,0.0,1.6799999475479126,0.0,1.6799999475479126,0.6112299803458154,0.03217000152799301,105.61522099999999,0.0,0.0,0.0,-1.0,false,0.0,-2.3957045586662205E-4,-7.005662380714173E-6,0.0,0.0
13548,0.0,0.0,0.0,0.0,0.125,0.0,0.0,0.0,-4.79345703125E-4,0.0,0.0,0.0,1.6699999570846558,0.0,1.6699999570846558,-1.0616099942475559,-2.026710032597184,105.79832644999999,0.0,0.0,0.0,-1.0,false,0.0,-2.3957045586662205E-4,-7.005662380714173E-6,0.0,0.0
13588,0.0,0.0,0.0,0.0,0.125,0.0,0.0,0.0,-4.79345703125E-4,0.0,0.0,0.0,1.659999966621399,0.0,1.659999966621399,3.474360090121627,0.6755699908919632,105.79832644999999,0.0,0.0,0.0,-1.0,false,0.0,-2.3957045586662205E-4,-7.005662380714173E-6,0.0,0.0
13648,0.0,0.0,0.0,0.0,0.125,0.0,0.0,0.0,-4.79345703125E-4,0.0,0.0,0.0,1.659999966621399,0.0,1.659999966621399,-0.9650999784283341,0.7077399961650372,105.8593616,0.0,0.0,0.0,-1.0,false,0.0,-2.3957045586662205E-4,-7.005662380714173E-6,0.0,0.0
13688,0.0,0.0,0.0,0.0,0.125,0.0,0.0,0.0,-4.79345703125E-4,0.0,0.0,0.0,1.659999966621399,0.0,1.659999966621399,-5.565409773737192,-1.0294400488957762,105.98143189999999,0.0,0.0,0.0,-1.0,false,0.0,-2.3957045586662205E-4,-7.005662380714173E-6,0.0,0.0
13730,0.0,0.0,0.0,0.0,0.125,0.0,0.0,0.0,-4.79345703125E-4,0.0,0.0,0.0,1.659999966621399,0.0,1.659999966621399,-1.0937800594419242,3.2813399386405946,106.16453734999999,0.0,0.0,0.0,-1.0,false,0.0,-2.3957045586662205E-4,-7.005662380714173E-6,0.0,0.0
13787,0.0,0.0,0.0,0.0,0.125,0.0,0.0,0.0,-4.79345703125E-4,0.0,0.0,0.0,1.659999966621399,0.0,1.659999966621399,-0.4503800139017403,2.8631300498545174,106.2255725,0.0,0.0,0.0,0.0,false,0.0,-2.3957045586662205E-4,-7.005662380714173E-6,0.0,0.0
13848,0.0,0.0,0.0,0.0,0.125,0.0,0.0,0.0,-4.79345703125E-4,0.0,0.0,0.0,1.659999966621399,0.0,1.659999966621399,2.6057700076699257,-0.6112299803458154,106.34764279999999,0.0,0.0,0.0,-1.0,false,0.0,-2.3957045586662205E-4,-7.005662380714173E-6,0.0,0.0
13887,0.0,0.0,0.0,0.0,0.125,0.0,0.0,0.0,-4.79345703125E-4,0.0,0.0,0.0,1.659999966621399,0.0,1.659999966621399,0.8364200172573328,0.5468900297209621,106.4697131,0.0,0.0,0.0,-1.0,false,0.0,-2.3957045586662205E-4,-7.005662380714173E-6,0.0,0.0
13947,0.0,0.0,0.0,0.0,0.125,0.0,0.0,0.0,-4.79345703125E-4,0.0,0.0,0.0,1.659999966621399,0.0,1.659999966621399,2.4449199213832618,-2.6057700076699257,106.53074825000002,0.0,0.0,0.0,-1.0,false,0.0,-2.3957045586662205E-4,-7.005662380714173E-6,0.0,0.0
13988,0.0,0.0,0.0,0.0,0.125,0.0,0.0,0.0,-4.79345703125E-4,0.0,0.0,0.0,1.659999966621399,0.0,1.659999966621399,-0.9650999784283341,1.318970036432147,106.77488885000002,0.0,12.6,211.04999999999998,-1.0,false,0.0,-2.3957045586662205E-4,-7.005662380714173E-6,0.0,0.0
14048,0.0,0.0,0.0,0.0,0.125,0.0,0.0,0.0,-4.79345703125E-4,0.0,0.0,0.0,1.659999966621399,0.0,1.659999966621399,-1.158119950145483,-0.12868000611197203,106.65281855,40.125,10.25,411.28125,-1.0,false,0.0,-2.3957045586662205E-4,-7.005662380714173E-6,0.0,0.0
14088,0.0,0.0,0.0,0.0,0.125,0.0,0.0,0.0,-4.79345703125E-4,0.0,0.0,0.0,1.6699999570846558,0.009999990463256836,1.6699999570846558,1.2224599606916309,0.7399100014381111,106.835924,23.625,10.25,242.15625,-1.0,false,0.0,-2.3957045586662205E-4,-7.005662380714173E-6,0.0,0.0
14148,0.0,0.0,0.0,0.0,0.125,0.0,0.0,0.0,-4.79345703125E-4,0.0,0.0,0.0,1.6699999570846558,0.0,1.6699999570846558,-1.833690000958741,2.2840700747817757,106.89695915000001,15.125,11.55,174.69375000000002,-1.0,false,0.0,-2.3957045586662205E-4,-7.005662380714173E-6,0.0,0.0
14189,0.0,0.0,0.0,0.0,0.125,0.0,0.0,0.0,-4.79345703125E-4,0.0,0.0,0.0,1.6699999570846558,0.0,1.6699999570846558,-3.474360090121627,0.9650999784283341,106.71385370000002,9.875,11.55,114.05625,-0.0,false,0.0,-2.3957045586662205E-4,-7.005662380714173E-6,0.0,0.0
14230,0.0,0.0,0.0,0.0,0.125,0.0,0.0,0.0,-4.79345703125E-4,0.0,0.0,0.0,1.659999966621399,0.0,1.659999966621399,-4.117760195583105,-2.47708998657763,106.835924,9.0,11.95,107.55,-1.0,false,0.0,-2.3957045586662205E-4,-7.005662380714173E-6,0.0,0.0
14286,0.0,0.0,0.0,0.0,0.125,0.0,0.0,0.0,-4.79345703125E-4,0.0,0.0,0.0,1.659999966621399,0.0,1.659999966621399,2.15539005368948,-0.5147200244478881,106.95799430000002,8.5,11.95,101.57499999999999,-1.0,false,0.0,-2.3957045586662205E-4,-7.005662380714173E-6,0.0,0.0
14349,0.0,0.0,0.0,0.0,0.125,0.0,0.0,0.0,-4.79345703125E-4,0.0,0.0,0.0,1.659999966621399,0.0,1.659999966621399,-1.4154799923300745,0.4182100086286664,107.2021349,7.875,11.95,94.10624999999999,-1.0,false,0.0,-2.3957045586662205E-4,-7.005662380714173E-6,0.0,0.0
14388,0.0,0.0,0.0,0.0,0.125,0.0,0.0,0.0,-4.79345703125E-4,0.0,0.0,0.0,1.659999966621399,0.0,1.659999966621399,1.2546300258859993,1.9623700220510365,107.44627550000001,2.0,0.0,0.0,-1.0,false,0.0,-2.3957045586662205E-4,-7.005662380714173E-6,0.0,0.0
14449,0.0,0.0,0.0,0.0,0.125,0.0,0.0,0.0,-4.79345703125E-4,0.0,0.0,0.0,1.659999966621399,0.0,1.659999966621399,-1.1259500047937037,2.4127500958740713,107.38524035,0.0,0.0,0.0,-1.0,false,0.0,-2.3957045586662205E-4,-7.005662380714173E-6,0.0,0.0
14488,0.0,0.0,0.0,0.0,0.125,0.0,0.0,0.0,-4.79345703125E-4,0.0,0.0,0.0,1.659999966621399,0.0,1.659999966621399,-3.1848299827426674,-1.4154799923300745,107.2021349,0.0,0.0,0.0,-1.0,false,0.0,-2.3957045586662205E-4,-7.005662380714173E-6,0.0,0.0
14548,0.0,0.0,0.0,0.0,0.125,0.0,0.0,0.0,-4.79345703125E-4,0.0,0.0,0.0,1.659999966621399,0.0,1.659999966621399,-0.8042500119842589,2.702279963567853,107.44627550000001,0.0,0.0,0.0,-1.0,false,0.0,-2.3957045586662205E-4,-7.005662380714173E-6,0.0,0.0
14588,0.0,0.0,0.0,0.0,0.125,0.0,0.0,0.0,-4.79345703125E-4,0.0,0.0,0.0,1.659999966621399,0.0,1.659999966621399,2.380580030679703,-3.924740044102073,107.5683458,0.0,0.0,0.0,-1.0,false,0.0,-2.3957045586662205E-4,-7.005662380714173E-6,0.0,0.0
14648,0.0,0.0,0.0,0.0,0.125,0.0,0.0,0.0,-4.79345703125E-4,0.0,0.0,0.0,1.649999976158142,0.0,1.649999976158142,-0.06434000305598601,2.7987899194657806,107.62938095000001,0.0,0.0,0.0,-0.0,false,0.0,-2.3957045586662205E-4,-7.005662380714173E-6,0.0,0.0
14688,0.0,0.0,0.0,0.0,0.125,0.0,0.0,0.0,-4.79345703125E-4,0.0,0.0,0.0,1.6399999856948853,0.0,1.6399999856948853,1.2224599606916309,-0.4182100086286664,107.69041610000002,0.0,0.0,0.0,-0.0,false,0.0,-2.3957045586662205E-4,-7.005662380714173E-6,0.0,0.0
14748,0.0,0.0,0.0,0.0,0.125,0.0,0.0,0.0,-4.79345703125E-4,0.0,0.0,0.0,1.649999976158142,0.0,1.649999976158142,-4.922009907960892,-0.6755699908919632,107.81248640000001,0.0,0.0,0.0,-1.0,false,0.0,-2.3957045586662205E-4,-7.005662380714173E-6,0.0,0.0
14788,0.0,0.0,0.0,0.0,0.125,0.0,0.0,0.0,-4.79345703125E-4,0.0,0.0,0.0,1.6399999856948853,-0.009999990463256836,1.6399999856948853,0.12868000611197203,1.4154799923300745,107.99559185000001,0.0,0.0,0.0,-1.0,false,0.0,-2.3957045586662205E-4,-7.005662380714173E-6,0.0,0.0
14848,0.0,0.0,0.0,0.0,0.125,0.0,0.0,0.0,-4.79345703125E-4,0.0,0.0,0.0,1.649999976158142,0.0,1.649999976158142,1.1902900153398515,-0.9007600278034806,107.87352155000002,0.0,0.0,0.0,-1.0,false,0.0,-2.3957045586662205E-4,-7.005662380714173E-6,0.0,0.0
14887,0.0,0.0,0.0,0.0,0.125,0.0,0.0,0.0,-4.79345703125E-4,0.0,0.0,0.0,1.6399999856948853,0.0,1.6399999856948853,-0.5468900297209621,3.474360090121627,107.99559185000001,0.0,0.0,0.0,-0.0,false,0.0,-2.3957045586662205E-4,-7.005662380714173E-6,0.0,0.0
14948,0.0,0.0,0.0,0.0,0.125,0.0,0.0,0.0,-4.79345703125E-4,0.0,0.0,0.0,1.6399999856948853,0.0,1.6399999856948853,-1.0616099942475559,2.2840700747817757,108.11766215,0.0,0.0,0.0,-1.0,false,0.0,-2.3957045586662205E-4,-7.005662380714173E-6,0.0,0.0
14988,0.0,0.0,0.0,0.0,0.125,0.0,0.0,0.0,-4.79345703125E-4,0.0,0.0,0.0,1.649999976158142,0.0,1.649999976158142,-4.085590130388737,-0.6112299803458154,108.23973244999999,0.0,0.0,0.0,0.0,false,0.0,-2.3957045586662205E-4,-7.005662380714173E-6,0.0,0.0
15049,0.0,0.0,0.0,0.0,0.125,0.0,0.0,0.0,-4.79345703125E-4,0.0,0.0,0.0,1.649999976158142,0.0,1.649999976158142,1.2224599606916309,0.997269983701408,108.3007676,0.0,0.0,0.0,-1.0,false,0.0,-2.3957045586662205E-4,-7.005662380714173E-6,0.0,0.0
15089,0.0,0.0,0.0,0.0,0.125,0.0,0.0,0.0,-4.79345703125E-4,0.0,0.0,0.0,1.649999976158142,0.009999990463256836,1.649999976158142,2.7344500287622213,-4.278610042184591,108.3007676,0.0,0.0,0.0,-0.0,false,0.0,-2.3957045586662205E-4,-7.005662380714173E-6,0.0,0.0
15148,0.0,0.0,0.0,0.0,0.125,0.0,0.0,0.0,-4.79345703125E-4,0.0,0.0,0.0,1.649999976158142,0.0,1.649999976158142,1.9301999568566681,1.8015200556069613,108.36180275000001,17.5,12.6,220.5,-1.0,false,0.0,-2.3957045586662205E-4,-7.005662380714173E-6,0.0,0.0
15188,0.0,0.0,0.0,0.0,0.125,0.0,0.0,0.0,-4.79345703125E-4,0.0,0.0,0.0,1.649999976158142,0.0,1.649999976158142,1.4476500575244426,0.6433999856188893,108.36180275000001,27.625,12.6,348.075,-1.0,false,0.0,-2.3957045586662205E-4,-7.005662380714173E-6,0.0,0.0
15250,0.0,0.0,0.0,0.0,0.125,0.0,0.0,0.0,-4.79345703125E-4,0.0,0.0,0.0,1.649999976158142,0.0,1.649999976158142,2.316239900290966,1.3833100469782948,108.72801365000001,16.375,11.15,182.58125,-1.0,false,0.0,-2.3957045586662205E-4,-7.005662380714173E-6,0.0,0.0
15289,0.0,0.0,0.0,0.0,0.125,0.0,0.0,0.0,-4.79345703125E-4,0.0,0.0,0.0,1.649999976158142,0.0,1.649999976158142,1.6406699693202973,-3.924740044102073,108.54490820000001,12.25,11.15,136.5875,-1.0,false,0.0,-2.3957045586662205E-4,-7.005662380714173E-6,0.0,0.0
15348,0.0,0.0,0.0,0.0,0.125,0.0,0.0,0.0,-4.79345703125E-4,0.0,0.0,0.0,1.649999976158142,-0.009999990463256836,1.649999976158142,-0.5147200244478881,-3.056149961650372,108.60594334999999,9.375,11.8,110.625,0.0,false,0.0,-2.3957045586662205E-4,-7.005662380714173E-6,0.0,0.0
15388,0.0,0.0,0.0,0.0,0.125,0.0,0.0,0.0,-4.79345703125E-4,0.0,0.0,0.0,1.649999976158142,0.0,1.649999976158142,0.772080006711185,1.6728400345146657,108.85008395,8.375,11.8,98.825,-1.0,false,0.0,-2.3957045586662205E-4,-7.005662380714173E-6,0.0,0.0
15449,0.0,0.0,0.0,0.0,0.125,0.0,0.0,0.0,-4.79345703125E-4,0.0,0.0,0.0,1.659999966621399,0.009999990463256836,1.659999966621399,-3.3456800690293313,-1.4798200028762223,108.97215424999999,7.75,12.0,93.0,2.746451190899356,false,0.0,-4.791445348974433E-4,-1.3885884278161163E-5,0.0,0.0
15490,0.0,0.0,0.0,0.0,0.125,0.0,0.0,0.0,-9.5869140625E-4,0.0,0.0,0.0,1.649999976158142,0.0,1.649999976158142,1.0294400488957762,0.3538699980825186,108.97215424999999,7.625,12.0,91.5,-1.0,false,0.0,-7.187174070226556E-4,-2.0807919525045075E-5,0.0,0.0
15549,0.0,0.0,0.0,0.0,0.125,0.0,0.0,0.0,-9.5869140625E-4,0.0,0.0,0.0,1.659999966621399,0.0,1.659999966621399,0.9007600278034806,-2.5092600517719985,108.91111910000001,7.25,12.0,87.0,-1.0,false,0.0,-7.187174070226556E-4,-2.0807919525045075E-5,0.0,0.0
15589,0.0,0.0,0.0,0.0,0.125,0.0,0.0,0.0,-9.5869140625E-4,0.0,0.0,0.0,1.649999976158142,-0.009999990463256836,1.649999976158142,-2.4127500958740713,4.568140149563551,109.09422455,7.125,12.05,85.85625,-1.0,false,0.0,-7.187174070226556E-4,-2.0807919525045075E-5,0.0,0.0
15650,0.0,0.0,0.0,0.0,0.125,0.0,0.0,0.0,-9.5869140625E-4,0.0,0.0,0.0,1.649999976158142,0.0,1.649999976158142,-1.6085000239685179,-1.2546300258859993,109.09422455,7.125,12.05,85.85625,-1.0,false,0.0,-7.187174070226556E-4,-2.0807919525045075E-5,0.0,0.0
15689,0.0,0.0,0.0,0.0,0.125,0.0,0.0,0.0,-9.5869140625E-4,0.0,0.0,0.0,1.659999966621399,0.009999990463256836,1.659999966621399,3.2813399386405946,-2.0910499233007434,109.33836515000002,7.25,12.1,87.725,2.746451190899356,false,0.0,-7.187174070226556E-4,-2.0807919525045075E-5,0.0,0.0
15749,0.0,0.0,0.0,0.0,0.125,0.0,0.0,0.0,-9.5869140625E-4,0.0,0.0,0.0,1.659999966621399,0.0,1.659999966621399,-2.991810070946813,-3.377849894538522,109.33836515000002,7.0,12.1,84.7,-1.0,false,0.0,-7.187174070226556E-4,-2.0807919525045075E-5,0.0,0.0
15790,0.0,0.0,0.0,0.0,0.125,0.0,0.0,0.0,-9.5869140625E-4,0.0,0.0,0.0,1.649999976158142,-0.009999990463256836,1.649999976158142,0.03217000152799301,2.541430116966367,109.27733,6.75,12.1,81.675,-1.0,false,0.0,-7.187174070226556E-4,-2.0807919525045075E-5,0.0,0.0
15850,0.0,0.0,0.0,0.0,0.125,0.0,0.0,0.0,-9.5869140625E-4,0.0,0.0,0.0,1.659999966621399,0.0,1.659999966621399,-2.702279963567853,-0.8042500119842589,109.27733,6.75,12.1,83.1875,-1.0,false,0.0,-7.187174070226556E-4,-2.0807919525045075E-5,0.0,0.0
15891,0.0,0.0,0.0,0.0,0.125,0.0,0.0,0.0,-9.5869140625E-4,0.0,0.0,0.0,1.659999966621399,0.0,1.659999966621399,2.2840700747817757,-1.0616099942475559,109.39940030000002,6.75,12.1,81.675,-1.0,false,0.0,-7.187174070226556E-4,-2.0807919525045075E-5,0.0,0.0
15949,0.0,0.0,0.0,0.0,0.125,0.0,0.0,0.0,-9.5869140625E-4,0.0,0.0,0.0,1.659999966621399,0.0,1.659999966621399,-3.6030401112139225,-2.702279963567853,109.52147060000001,6.75,12.1,81.675,-1.0,false,0.0,-7.187174070226556E-4,-2.0807919525045075E-5,0.0,0.0
15990,0.0,0.0,0.0,0.0,0.125,0.0,0.0,0.0,-9.5869140625E-4,0.0,0.0,0.0,1.649999976158142,0.0,1.649999976158142,-0.5147200244478881,3.828230088204146,109.46043545,6.75,12.1,81.675,-1.0,false,0.0,-7.187174070226556E-4,-2.0807919525045075E-5,0.0,0.0
16049,0.0,0.0,0.0,0.0,0.125,0.0,0.0,0.0,-9.5869140625E-4,0.0,0.0,0.0,1.659999966621399,0.0,1.659999966621399,-1.54416001342237,-2.15539005368948,109.70457605000001,6.625,12.1,80.1625,0.0,false,0.0,-7.187174070226556E-4,-2.0807919525045075E-5,0.0,0.0
16091,0.0,0.0,0.0,0.0,0.125,0.0,0.0,0.0,-9.5869140625E-4,0.0,0.0,0.0,1.659999966621399,0.0,1.659999966621399,2.0910499233007434,1.4798200028762223,109.76561120000002,6.5,12.1,78.64999999999999,-1.0,false,0.0,-7.187174070226556E-4,-2.0807919525045075E-5,0.0,0.0
16148,0.0,0.0,0.0,0.0,0.125,0.0,0.0,0.0,-9.5869140625E-4,0.0,0.0,0.0,1.659999966621399,0.0,1.659999966621399,-1.6728400345146657,-2.830959984660149,109.76561120000002,6.625,12.1,80.1625,-1.0,false,0.0,-7.187174070226556E-4,-2.0807919525045075E-5,0.0,0.0
16191,0.0,0.0,0.0,0.0,0.125,0.0,0.0,0.0,-9.5869140625E-4,0.0,0.0,0.0,1.659999966621399,0.0,1.659999966621399,0.5468900297209621,1.318970036432147,109.88768150000001,6.5,12.1,78.64999999999999,-1.0,false,0.0,-7.187174070226556E-4,-2.0807919525045075E-5,0.0,0.0
16248,0.0,0.0,0.0,0.0,0.125,0.0,0.0,0.0,-9.5869140625E-4,0.0,0.0,0.0,1.659999966621399,0.0,1.659999966621399,-3.763889957815409,-2.637940072864294,110.0097518,6.5,12.1,78.64999999999999,-1.0,false,0.0,-7.187174070226556E-4,-2.0807919525045075E-5,0.0,0.0
16290,0.0,0.0,0.0,0.0,0.125,0.0,0.0,0.0,-9.5869140625E-4,0.0,0.0,0.0,1.659999966621399,0.0,1.659999966621399,0.7399100014381111,-0.9329299731552602,110.19285725,3.5,0.0,0.0,-1.0,false,0.0,-7.187174070226556E-4,-2.0807919525045075E-5,0.0,0.0
16347,0.0,0.0,0.0,0.0,0.125,0.0,0.0,0.0,-9.5869140625E-4,0.0,0.0,0.0,1.649999976158142,-0.009999990463256836,1.649999976158142,2.15539005368948,-2.927469940558076,110.19285725,0.0,0.0,0.0,-0.0,false,0.0,-7.187174070226556E-4,-2.0807919525045075E-5,0.0,0.0
16390,0.0,0.0,0.0,0.0,0.125,0.0,0.0,0.0,-9.5869140625E-4,0.0,0.0,0.0,1.649999976158142,0.0,1.649999976158142,-1.3833100469782948,1.5119899482280017,110.31492755000002,0.0,0.0,0.0,-0.0,false,0.0,-7.187174070226556E-4,-2.0807919525045075E-5,0.0,0.0
16449,0.0,0.0,0.0,0.0,0.125,0.0,0.0,0.0,-9.5869140625E-4,0.0,0.0,0.0,1.649999976158142,0.0,1.649999976158142,0.09651000083889813,-0.8685900225304067,110.3759627,0.0,0.0,0.0,-1.0,false,0.0,-7.187174070226556E-4,-2.0807919525045075E-5,0.0,0.0
16491,0.0,0.0,0.0,0.0,0.125,0.0,0.0,0.0,-9.5869140625E-4,0.0,0.0,0.0,1.649999976158142,0.0,1.649999976158142,-2.927469940558076,0.25736001222394406,110.43699785000001,0.0,0.0,0.0,-1.0,false,0.0,-7.187174070226556E-4,-2.0807919525045075E-5,0.0,0.0
16548,0.0,0.0,0.0,0.0,0.125,0.0,0.0,0.0,-9.5869140625E-4,0.0,0.0,0.0,1.649999976158142,0.0,1.649999976158142,-0.3860400033555925,1.8015200556069613,110.3759627,0.0,0.0,0.0,-1.0,false,0.0,-7.187174070226556E-4,-2.0807919525045075E-5,0.0,0.0
16590,0.0,0.0,0.0,0.0,0.125,0.0,0.0,0.0,-9.5869140625E-4,0.0,0.0,0.0,1.649999976158142,0.0,1.649999976158142,1.6728400345146657,-4.503800019174815,110.43699785000001,0.0,0.0,0.0,-1.0,false,0.0,-7.187174070226556E-4,-2.0807919525045075E-5,0.0,0.0
16648,0.0,0.0,0.0,0.0,0.125,0.0,0.0,0.0,-9.5869140625E-4,0.0,0.0,0.0,1.659999966621399,0.0,1.659999966621399,-1.318970036432147,5.147199884951115,110.49803300000002,0.0,0.0,0.0,-1.0,false,0.0,-7.187174070226556E-4,-2.0807919525045075E-5,0.0,0.0
16690,0.0,0.0,0.0,0.0,0.125,0.0,0.0,0.0,-9.5869140625E-4,0.0,0.0,0.0,1.649999976158142,0.0,1.649999976158142,0.4503800139017403,-1.3511399817839265,110.55906815,0.0,0.0,0.0,-1.0,false,0.0,-7.187174070226556E-4,-2.0807919525045075E-5,0.0,0.0
16748,0.0,0.0,0.0,0.0,0.125,0.0,0.0,0.0,-9.5869140625E-4,0.0,0.0,0.0,1.659999966621399,0.0,1.659999966621399,-2.316239900290966,-1.3511399817839265,110.68113844999999,0.0,0.0,0.0,0.0,false,0.0,-7.187174070226556E-4,-2.0807919525045075E-5,0.0,0.0
16789,0.0,0.0,0.0,0.0,0.125,0.0,0.0,0.0,-9.5869140625E-4,0.0,0.0,0.0,1.649999976158142,0.0,1.649999976158142,1.4798200028762223,0.6112299803458154,110.80320875000001,0.0,0.0,0.0,-1.0,false,0.0,-7.187174070226556E-4,-2.0807919525045075E-5,0.0,0.0
16849,0.0,0.0,0.0,0.0,0.125,0.0,0.0,0.0,-9.5869140625E-4,0.0,0.0,0.0,1.659999966621399,0.009999990463256836,1.659999966621399,0.8042500119842589,-3.989079934805632,110.86424389999999,0.0,0.0,0.0,0.0,false,0.0,-7.187174070226556E-4,-2.0807919525045075E-5,0.0,0.0
16890,0.0,0.0,0.0,0.0,0.125,0.0,0.0,0.0,-9.5869140625E-4,0.0,0.0,0.0,1.659999966621399,0.0,1.659999966621399,0.4503800139017403,2.830959984660149,110.98631420000001,0.0,0.0,0.0,-1.0,false,0.0,-7.187174070226556E-4,-2.0807919525045075E-5,0.0,0.0
16948,0.0,0.0,0.0,0.0,0.125,0.0,0.0,0.0,-9.5869140625E-4,0.0,0.0,0.0,1.659999966621399,0.009999990463256836,1.659999966621399,1.0937800594419242,-0.25736001222394406,111.1083845,0.0,0.0,0.0,0.0,false,0.0,-7.187174070226556E-4,-2.0807919525045075E-5,0.0,0.0
16990,0.0,0.0,0.0,0.0,0.125,0.0,0.0,0.0,-9.5869140625E-4,0.0,0.0,0.0,1.659999966621399,0.0,1.659999966621399,-4.149929781407118,-1.3511399817839265,111.16941965000001,0.0,0.0,0.0,0.0,false,0.0,-7.187174070226556E-4,-2.0807919525045075E-5,0.0,0.0
17049,0.0,0.0,0.0,0.0,0.125,0.0,0.0,0.0,-9.5869140625E-4,0.0,0.0,0.0,1.649999976158142,-0.009999990463256836,1.649999976158142,-0.06434000305598601,1.705009979866445,111.35252510000001,0.0,0.0,0.0,-0.0,false,0.0,-7.187174070226556E-4,-2.0807919525045075E-5,0.0,0.0
17091,0.0,0.0,0.0,0.0,0.125,0.0,0.0,0.0,-9.5869140625E-4,0.0,0.0,0.0,1.649999976158142,-0.009999990463256836,1.649999976158142,-0.19302000167779626,0.7399100014381111,111.23045479999999,0.0,0.0,0.0,-0.0,false,0.0,-7.187174070226556E-4,-2.0807919525045075E-5,0.0,0.0
17148,0.0,0.0,0.0,0.0,0.125,0.0,0.0,0.0,-9.5869140625E-4,0.0,0.0,0.0,1.649999976158142,0.0,1.649999976158142,0.772080006711185,1.0937800594419242,111.23045479999999,0.0,0.0,0.0,-0.0,false,0.0,-7.187174070226556E-4,-2.0807919525045075E-5,0.0,0.0
17188,0.0,0.0,0.0,0.0,0.125,0.0,0.0,0.0,-9.5869140625E-4,0.0,0.0,0.0,1.649999976158142,0.0,1.649999976158142,-0.09651000083889813,0.48254998921416703,111.41356024999999,0.0,0.0,0.0,-0.0,false,0.0,-7.187174070226556E-4,-2.0807919525045075E-5,0.0,0.0
17249,0.0,0.0,0.0,0.0,0.125,0.0,0.0,0.0,-9.5869140625E-4,0.0,0.0,0.0,1.649999976158142,0.0,1.649999976158142,1.1259500047937037,-3.313510003834963,111.4745954,0.0,0.0,0.0,-1.0,false,0.0,-7.187174070226556E-4,-2.0807919525045075E-5,0.0,0.0
17291,0.0,0.0,0.0,0.0,0.125,0.0,0.0,0.0,-9.5869140625E-4,0.0,0.0,0.0,1.649999976158142,0.0,1.649999976158142,-0.6433999856188893,1.0616099942475559,111.53563055000001,0.0,0.0,0.0,-1.0,false,0.0,-7.187174070226556E-4,-2.0807919525045075E-5,0.0,0.0
17348,0.0,0.0,0.0,0.0,0.125,0.0,0.0,0.0,-9.5869140625E-4,0.0,0.0,0.0,1.649999976158142,0.0,1.649999976158142,-0.8364200172573328,1.2546300258859993,111.53563055000001,0.0,0.0,0.0,-1.0,false,0.0,-7.187174070226556E-4,-2.0807919525045075E-5,0.0,0.0
17388,0.0,0.0,0.0,0.0,0.125,0.0,0.0,0.0,-9.5869140625E-4,0.0,0.0,0.0,1.649999976158142,0.0,1.649999976158142,-4.31078010737896,-1.833690000958741,111.59666569999999,0.0,0.0,0.0,-1.0,false,0.0,-7.187174070226556E-4,-2.0807919525045075E-5,0.0,0.0
17449,0.0,0.0,0.0,0.0,0.125,0.0,0.0,0.0,-9.5869140625E-4,0.0,0.0,0.0,1.649999976158142,0.0,1.649999976158142,1.4154799923300745,1.158119950145483,111.77977115000002,0.0,0.0,0.0,-1.0,false,0.0,-7.187174070226556E-4,-2.0807919525045075E-5,0.0,0.0
17489,0.0,0.0,0.0,0.0,0.125,0.0,0.0,0.0,-9.5869140625E-4,0.0,0.0,0.0,1.649999976158142,0.0,1.649999976158142,3.5065299156308174,-2.8631300498545174,111.77977115000002,0.0,0.0,0.0,-1.0,false,0.0,-7.187174070226556E-4,-2.0807919525045075E-5,0.0,0.0
17548,0.0,0.0,0.0,0.0,0.125,0.0,0.0,0.0,-9.5869140625E-4,0.0,0.0,0.0,1.649999976158142,0.0,1.649999976158142,2.4127500958740713,0.5147200244478881,111.84080630000003,0.0,0.0,0.0,-1.0,false,0.0,-7.187174070226556E-4,-2.0807919525045075E-5,0.0,0.0
17588,0.0,0.0,0.0,0.0,0.125,0.0,0.0,0.0,-9.5869140625E-4,0.0,0.0,0.0,1.649999976158142,0.0,1.649999976158142,0.5147200244478881,0.3538699980825186,111.84080630000003,0.0,0.0,0.0,-1.0,false,0.0,-7.187174070226556E-4,-2.0807919525045075E-5,0.0,0.0
17650,0.0,0.0,0.0,0.0,0.125,0.0,0.0,0.0,-9.5869140625E-4,0.0,0.0,0.0,1.649999976158142,0.0,1.649999976158142,-3.9569101092964414,-1.4798200028762223,112.0849469,0.0,0.0,0.0,-1.0,false,0.0,-7.187174070226556E-4,-2.0807919525045075E-5,0.0,0.0
17689,0.0,0.0,0.0,0.0,0.125,0.0,0.0,0.0,-9.5869140625E-4,0.0,0.0,0.0,1.649999976158142,0.0,1.649999976158142,-1.158119950145483,2.15539005368948,112.0849469,0.0,0.0,0.0,-1.0,false,0.0,-7.187174070226556E-4,-2.0807919525045075E-5,0.0,0.0
17749,0.0,0.0,0.0,0.0,0.125,0.0,0.0,0.0,-9.5869140625E-4,0.0,0.0,0.0,1.649999976158142,0.0,1.649999976158142,1.2867999712377787,-0.5468900297209621,112.20701720000002,0.0,0.0,0.0,-1.0,false,0.0,-7.187174070226556E-4,-2.0807919525045075E-5,0.0,0.0
17788,0.0,0.0,0.0,0.0,0.125,0.0,0.0,0.0,-9.5869140625E-4,0.0,0.0,0.0,1.649999976158142,0.0,1.649999976158142,-0.32169999280944467,-1.6406699693202973,112.26805235,0.0,0.0,0.0,-1.0,false,0.0,-7.187174070226556E-4,-2.0807919525045075E-5,0.0,0.0
17848,0.0,0.0,0.0,0.0,0.125,0.0,0.0,0.0,-9.5869140625E-4,0.0,0.0,0.0,1.649999976158142,0.0,1.649999976158142,1.1259500047937037,0.9007600278034806,112.32908750000001,0.0,0.0,0.0,-1.0,false,0.0,-7.187174070226556E-4,-2.0807919525045075E-5,0.0,0.0
17889,0.0,0.0,0.0,0.0,0.0,0.0,0.0,0.0,-9.5869140625E-4,0.0,0.0,0.0,1.649999976158142,0.0,1.649999976158142,1.158119950145483,-3.4421900249272586,112.4511578,0.0,0.0,0.0,-1.0,false,0.0,-7.187174070226556E-4,-2.0807919525045075E-5,0.0,0.0
17948,0.0,0.0,0.0,0.0,0.0,0.0,0.0,0.0,-9.5869140625E-4,0.0,0.0,0.0,1.649999976158142,0.0,1.649999976158142,0.9007600278034806,2.702279963567853,112.51219295000001,0.0,0.0,0.0,-1.0,false,0.0,-7.187174070226556E-4,-2.0807919525045075E-5,0.0,0.0
17988,0.0,0.0,0.0,0.0,0.125,0.0,0.0,0.0,-9.5869140625E-4,0.0,0.0,0.0,1.649999976158142,0.0,1.649999976158142,-0.03217000152799301,0.8042500119842589,112.63426325,0.0,0.0,0.0,-1.0,false,0.0,-7.187174070226556E-4,-2.0807919525045075E-5,0.0,0.0
18048,0.0,0.0,0.0,0.0,0.125,0.0,0.0,0.0,-9.5869140625E-4,0.0,0.0,0.0,1.649999976158142,0.0,1.649999976158142,-4.793330126553774,-1.2546300258859993,112.69529840000001,0.0,0.0,0.0,-1.0,false,0.0,-7.187174070226556E-4,-2.0807919525045075E-5,0.0,0.0
18088,0.0,0.0,0.0,0.0,0.125,0.0,0.0,0.0,-9.5869140625E-4,0.0,0.0,0.0,1.6399999856948853,-0.009999990463256836,1.6399999856948853,-0.6433999856188893,1.1902900153398515,112.75633355000002,0.0,0.0,0.0,-1.0,false,0.0,-7.187174070226556E-4,-2.0807919525045075E-5,0.0,0.0
18148,0.0,0.0,0.0,0.0,0.125,0.0,0.0,0.0,-9.5869140625E-4,0.0,0.0,0.0,1.6399999856948853,0.0,1.6399999856948853,-0.5147200244478881,1.158119950145483,112.8173687,0.0,0.0,0.0,-1.0,false,0.0,-7.187174070226556E-4,-2.0807919525045075E-5,0.0,0.0
18188,0.0,0.0,0.0,0.0,0.125,0.0,0.0,0.0,-9.5869140625E-4,0.0,0.0,0.0,1.649999976158142,0.0,1.649999976158142,2.3484099654853345,-0.03217000152799301,112.8173687,0.0,0.0,0.0,-1.0,false,0.0,-7.187174070226556E-4,-2.0807919525045075E-5,0.0,0.0
18249,0.0,0.0,0.0,0.0,0.125,0.0,0.0,0.0,-9.5869140625E-4,0.0,0.0,0.0,1.649999976158142,0.0,1.649999976158142,1.2867999712377787,1.1259500047937037,112.87840385000001,0.0,0.0,0.0,-1.0,false,0.0,-7.187174070226556E-4,-2.0807919525045075E-5,0.0,0.0
18289,0.0,0.0,15.719426013484004,15.700573986516,0.125,0.0,0.0,0.0,-9.5869140625E-4,0.0,0.0,15.69857177734375,1.649999976158142,0.0,1.649999976158142,3.570870046019554,-3.08832002684474,113.12254445000002,0.0,0.0,0.0,-1.0,false,0.0,-7.187174070226556E-4,-2.0807919525045075E-5,1.0,0.0
18349,0.11024951171875,0.18694482421875,15.721311211686134,15.698688788313868,24.625,25.25,-8.423460410557185,8.490713587487782,0.048413916015625,0.088678955078125,15.60270263671875,15.30071484375,1.649999976158142,0.009999990463256836,1.649999976158142,-0.19302000167779626,3.056149961650372,112.87840385000001,0.0,0.0,0.0,19.225158336294726,false,0.0,0.012457856805879302,3.5760428098050576E-4,1.0,0.0
18389,0.766953125,1.34696142578125,15.719426013484004,15.700573986516,19.5,19.625,-8.600000000000001,8.600000000000001,0.15722539062500002,0.27706181640625,14.88368408203125,14.22698046875,1.6399999856948853,-0.009999990463256836,1.6399999856948853,-1.1902900153398515,-3.0239798964560034,113.24461475000001,0.0,0.0,0.0,280.13802147172316,false,0.0,0.07474721149043137,0.0021431586849015288,1.0,0.0
18449,2.089947265625,3.29310498046875,15.72319640988827,15.696803590111735,12.125,12.625,-8.600000000000001,8.600000000000001,0.364782080078125,0.502833642578125,13.42647314453125,12.175380859375,1.6299999952316284,0.0,1.6299999952316284,-2.927469940558076,-5.115029819756747,113.06150930000001,0.0,0.0,0.0,5.492902381798811,false,0.0,0.3634347859382493,0.010405476359594717,1.0,0.0
18488,3.8251787109375,4.9037065429687505,15.72319640988827,15.696803590111735,8.375,9.5,-11.15,11.15,0.606372314453125,0.757845556640625,11.25024365234375,10.373041015625,1.6299999952316284,0.0,1.6299999952316284,-1.7371800450608135,-5.661919969320298,113.30564989999999,0.0,0.0,0.0,-32.9574142907906,false,0.0,0.6116360022803765,0.01744674811746372,1.0,0.0
18548,5.60355126953125,5.95826708984375,15.72319640988827,15.696803590111735,4.5,7.5,-11.15,11.15,0.983138037109375,1.1600166015625,10.1333681640625,9.749891601562501,1.6299999952316284,0.0,1.6299999952316284,-0.48254998921416703,2.6057700076699257,113.12254445000002,0.0,0.0,0.0,-1.0,false,0.0,0.9882492698077607,0.028163860183371858,1.0,0.0
18588,5.848017578125,6.2602548828125,15.72319640988827,15.696803590111735,3.375,6.625,-11.65,11.65,1.2175380859375,1.42173935546875,9.874521484375,9.39517578125,1.6299999952316284,0.0,1.6299999952316284,0.19302000167779626,-1.6406699693202973,113.5497905,0.0,0.0,0.0,-1.0,false,0.0,1.2225544705976983,0.03483137646865059,1.0,0.0
18649,5.9055390625,6.36091748046875,15.7250816080904,15.6949183919096,2.75,6.125,-11.65,11.65,1.6086841796875,1.829183203125,9.83138037109375,9.33286083984375,1.6200000047683716,-0.009999990463256836,1.6200000047683716,1.2867999712377787,-2.9596400057524446,113.30564989999999,0.0,0.0,0.0,-758.0205286881921,false,0.0,1.4194859995461775,0.040429592229801005,1.0,0.0
18689,6.0924838867187505,6.423232421875,15.7250816080904,15.6949183919096,2.75,6.0,-11.75,11.75,1.875679736328125,2.10241025390625,9.60129443359375,9.260958984375,1.6200000047683716,0.0,1.6200000047683716,0.9329299731552602,-1.1902900153398515,113.36668505,0.0,0.0,0.0,16.478707145396257,false,0.0,1.6885303682259156,0.048062167697066345,1.0,0.0
18749,6.18835302734375,6.52389501953125,15.7250816080904,15.6949183919096,2.625,5.875,-11.75,11.75,2.112476513671875,2.377075341796875,9.5581533203125,9.16508984375,1.6200000047683716,0.0,1.6200000047683716,2.380580030679703,1.8980300115048887,113.5497905,0.0,0.0,0.0,-1.0,false,0.0,2.0574790347072724,0.058496726251575586,1.0,0.0
18789,6.0253754882812505,6.50472119140625,15.736392819776537,15.683607180223465,2.625,5.5,-11.75,11.75,2.50793671875,2.787395263671875,9.69716357421875,9.189057128906251,1.6299999952316284,0.009999990463256836,1.6299999952316284,-0.48254998921416703,2.8631300498545174,113.67186079999999,0.0,0.0,0.0,-49.43612143618495,false,0.0,2.3320336620509767,0.06628562338914111,1.0,0.0
18849,6.116451171875,6.49513427734375,15.736392819776537,15.683607180223465,2.375,5.5,-11.75,11.75,2.7768496582031252,3.06110166015625,9.54856640625,9.17947021484375,1.6299999952316284,0.0,1.6299999952316284,-3.9569101092964414,-1.3511399817839265,110.55906815,0.0,0.0,0.0,-1.0,false,0.0,2.7290111961637242,0.07757103784673276,1.0,0.0
18888,6.25066796875,6.5478623046875,15.73262242337227,15.687377576627732,2.375,6.0,-11.75,11.75,3.1401937011718752,3.47142158203125,9.52459912109375,9.12194873046875,1.6299999952316284,-0.009999990463256836,1.6299999952316284,-0.06434000305598601,-0.4182100086286664,112.51219295000001,0.0,0.0,0.0,-115.35095001777457,false,0.0,2.980086400232683,0.08472656717619494,1.0,0.0
18949,5.9726474609375,6.48075390625,13.979735828562895,13.926950189009823,2.75,5.875,-11.75,11.75,3.396164306640625,3.72451611328125,8.0050732421875,9.222611328125,1.6299999952316284,0.0,1.6299999952316284,-1.54416001342237,-10.48742016106844,112.0849469,0.0,0.0,0.0,-1.0,false,0.0,3.363167899689845,0.09563885333303765,0.27355652700831024,0.0
18989,7.2764677734375,6.5957968750000004,0.030736175232977087,-0.0031974373520906644,8.625,7.0,-11.75,11.75,4.061496142578125,4.140108837890625,6.0541362304687505,7.05596875,1.6200000047683716,0.009999990463256836,1.6200000047683716,-2.991810070946813,-8.589389670193196,109.27733,0.0,0.0,0.0,-543.7973357980738,false,0.0,3.9034142253961956,0.110915665788201,8.764716066481993E-4,0.0
19050,11.0728857421875,10.16692236328125,0.02885097703084391,-0.001312239149957485,29.0,27.875,6.064516129032258,-7.086754643206256,4.858168701171875,4.758464794921875,-12.7985302734375,-10.2004765625,1.6100000143051147,-0.009999990463256836,1.6100000143051147,9.071940168738365,15.023390245437623,110.07078695000001,0.0,0.0,0.0,-687.9860233202746,false,0.0,4.610644464893469,0.1309604374895533,8.764716066481993E-4,0.0
19087,12.117859375,8.75764599609375,0.030736175232977087,-0.0031974373520906644,16.875,20.25,6.455327468230694,-7.118181818181818,4.93438466796875,4.71772041015625,-11.79669775390625,-8.436484375000001,1.6100000143051147,0.0,1.6100000143051147,0.8685900225304067,-0.9329299731552602,110.7421736,0.0,0.0,0.0,-106.42498364734833,false,0.0,4.634841627264843,0.1316490051083033,8.764716066481993E-4,0.0
19150,6.116451171875,3.02946484375,0.02885097703084391,-0.001312239149957485,12.125,9.25,3.201564027370479,-0.722873900293255,4.832284033203125,4.6458185546875,-3.56633203125,-0.81968115234375,1.6200000047683716,0.009999990463256836,1.6200000047683716,-3.828230088204146,-2.2840700747817757,109.94871665000002,0.0,0.0,0.0,-156.54771788125603,false,0.0,4.541406448710799,0.12901098205600375,8.764716066481993E-4,0.0
19188,-1.81672021484375,-2.1091210937500002,0.023195382424444373,0.004343355456442051,1.5,2.375,-2.138318670576735,2.6148582600195502,4.59692529296875,4.487155126953125,1.6393623046875,2.051599609375,1.659999966621399,0.009999990463256836,1.659999966621399,1.158119950145483,1.5119899482280017,110.49803300000002,0.0,0.0,0.0,-126.33675478136493,false,0.0,4.378016233130648,0.12434300634227931,8.764716066481993E-4,0.0
19250,-2.93838916015625,-1.93176318359375,0.021310184222311197,0.00622855365857523,5.0,2.875,-3.580156402737048,2.0772238514173997,4.605553515625,4.526461474609375,2.78499853515625,1.63456884765625,1.659999966621399,0.0,1.659999966621399,2.2840700747817757,3.1848299827426674,110.31492755000002,0.0,0.0,0.0,-1.0,false,0.0,4.353100632661539,0.1236238673156281,8.764716066481993E-4,0.0
19288,-1.44283056640625,0.3834765625,0.02885097703084391,-0.001312239149957485,2.625,0.25,-1.0865102639296187,-0.7122678396871945,4.697108544921875,4.58350361328125,0.8388549804687501,-0.07190185546875,1.6200000047683716,-0.019999980926513672,1.6200000047683716,1.833690000958741,-0.22519000695087016,110.7421736,0.0,0.0,0.0,-82.39353572697492,false,0.0,4.406285942765366,0.1251559596642902,8.764716066481993E-4,0.0
19350,1.0593540039062501,0.81968115234375,0.03262137343511026,-0.0050826355542238424,0.5,0.125,1.315884652981427,-1.0020039100684262,4.733538818359375,4.586859033203125,-1.0833212890625,-0.7957138671875,1.600000023841858,0.0,1.600000023841858,-1.0294400488957762,1.5119899482280017,110.19285725,0.0,0.0,0.0,-1.0,false,0.0,4.454920272109288,0.12652475481360287,8.764716066481993E-4,0.0
19388,1.03538671875,0.39785693359375,0.0,0.0,0.75,0.0,1.1227272727272726,-0.7122678396871945,4.729704052734375,4.5767927734375,-0.9299306640625,-0.2013251953125,1.6200000047683716,0.0,1.6200000047683716,0.997269983701408,0.12868000611197203,110.3759627,0.0,0.0,0.0,-10.985804763595397,false,0.0,4.447972514492207,0.12632907525567716,0.0,0.0
19449,0.043141113281250004,-0.11504296875,-2.442917708471023,-2.4579993390347594,0.125,0.0,0.7151515151515152,0.7151515151515152,4.705257421875,4.571040625,-0.07190185546875,0.11024951171875,1.659999966621399,0.009999990463256836,1.659999966621399,2.219729944393039,-0.12868000611197203,110.3759627,0.0,0.0,0.0,-30.210963099891156,false,0.0,4.432879311353368,0.12589689660198505,-0.9347917007069861,0.0
19488,-0.3163681640625,-0.12462988281250001,-14.676151604622751,-14.695003631590755,12.25,13.375,7.53939393939394,-12.4,4.677934716796875,4.55282548828125,-14.27970849609375,-14.524174804687501,1.649999976158142,0.0,1.649999976158142,-5.436729992330075,-4.214269911795855,110.55906815,0.0,0.0,0.0,38.45031667259152,false,0.0,4.430004436887866,0.12581383217902245,-0.9347917007069861,0.0
19549,-0.80530078125,-0.5848017578125,-14.421671851078383,-14.448064670854919,17.25,20.5,9.75,-9.75,4.545635302734375,4.32273955078125,-13.555896484375,-13.747634765625,1.6100000143051147,-0.019999980926513672,1.6100000143051147,-0.9329299731552602,0.8685900225304067,110.3759627,0.0,0.0,0.0,-6.408386112098502,false,0.0,4.27523889944766,0.12139320999346939,-0.9188331165478454,0.0
19587,-2.9815302734375,-3.0198779296875,-14.416016256471982,-14.45372026546132,13.875,15.875,9.75,-9.75,4.23837470703125,4.0974470703125,-11.23106982421875,-11.20230908203125,1.600000023841858,0.0,1.600000023841858,-1.0294400488957762,2.702279963567853,110.86424389999999,0.0,0.0,0.0,-1.0,false,0.0,4.077346536557959,0.11585745737345221,-0.9188331165478454,0.0
19628,-4.51064306640625,-4.67362060546875,-14.421671851078383,-14.448064670854919,8.875,10.625,9.75,-9.75,3.998222509765625,3.8501046875,-9.71633740234375,-9.58212060546875,1.6299999952316284,0.0,1.6299999952316284,0.12868000611197203,0.8364200172573328,110.55906815,0.0,0.0,0.0,24.71806071809502,false,0.0,3.719896741517493,0.10577756904919594,-0.9188331165478454,0.0
19688,-5.349498046875,-5.94388671875,-14.42544224748265,-14.444294274450655,6.125,7.0,11.3,-11.3,3.6262502441406252,3.449851025390625,-8.84392822265625,-8.513179687500001,1.649999976158142,0.0,1.649999976158142,-2.8953001150488853,-3.1848299827426674,110.86424389999999,0.0,0.0,0.0,63.168377390682465,false,0.0,3.460916515845875,0.09836271224077364,-0.9188331165478454,0.0
19750,-5.9055390625,-6.26504833984375,-14.421671851078383,-14.448064670854919,4.125,5.875,11.3,-11.3,3.360692724609375,3.1771033203125,-8.44127783203125,-8.1392900390625,1.6200000047683716,-0.009999990463256836,1.6200000047683716,2.15539005368948,8.814579647183418,110.55906815,0.0,0.0,0.0,-1.0,false,0.0,3.067294646461491,0.08711658694759698,-0.9188331165478454,0.0
19788,-6.15000537109375,-6.3752978515625,-14.417901454674116,-14.451835067259186,3.625,5.625,11.600000000000001,-11.600000000000001,3.096093896484375,2.9048349609375,-8.21119189453125,-8.0530078125,1.6100000143051147,0.0,1.6100000143051147,4.6646498657763,-1.3511399817839265,111.04734934999999,0.0,0.0,0.0,-16.47870714539564,false,0.0,2.7989683425630782,0.07952790075638874,-0.9188331165478454,0.0
19850,-6.25066796875,-6.576623046875,-14.41978665287625,-14.449949869057052,3.0,4.875,11.600000000000001,-11.600000000000001,2.705906494140625,2.4820520507812502,-8.17284423828125,-7.8516826171875005,1.6200000047683716,0.0,1.6200000047683716,2.8953001150488853,2.1232199884951117,111.04734934999999,0.0,0.0,0.0,8.23935357269782,false,0.0,2.40821656677386,0.06853339190428087,-0.9188331165478454,0.0
19888,-6.25546142578125,-6.6341445312500005,-14.421671851078383,-14.448064670854919,3.0,4.75,11.7,-11.7,2.4331587890625,2.20594892578125,-8.148876953125,-7.81812841796875,1.6299999952316284,0.0,1.6299999952316284,-3.69955006711185,-0.03217000152799301,110.92527905,0.0,0.0,0.0,-1.0,false,0.0,2.2050560616449095,0.06275804655068136,-0.9188331165478454,0.0
19950,-6.346537109375,-6.5957968750000004,-14.408475441190117,-14.461261080743189,2.875,5.0,11.7,-11.7,2.032905126953125,1.791314892578125,-8.01945361328125,-7.89482373046875,1.6200000047683716,-0.009999990463256836,1.6200000047683716,2.991810070946813,-1.8658599463105203,111.16941965000001,0.0,0.0,0.0,-815.6960036970771,false,0.0,1.724706613244894,0.0490830398271333,-0.9188331165478454,0.0
19988,-6.3657109375,-6.6629052734375005,-14.400934648381583,-14.46880187355172,2.625,4.75,11.7,-11.7,1.77262041015625,1.50035205078125,-8.03862744140625,-7.78936767578125,1.6100000143051147,0.0,1.6100000143051147,0.03217000152799301,0.9329299731552602,108.72801365000001,0.0,0.0,0.0,-129.08320597227006,false,0.0,1.4513488434367008,0.04136433660493605,-0.9188331165478454,0.0
20049,-6.31298291015625,-6.7012529296875005,-14.400934648381583,-14.46880187355172,2.625,4.625,11.75,-11.75,1.36421787109375,1.092428857421875,-8.072181640625,-7.78936767578125,1.6200000047683716,0.009999990463256836,1.6200000047683716,0.28952998753637077,-9.554489708542825,109.27733,0.0,0.0,0.0,793.724394169915,false,0.0,0.9762657173310587,0.027992814108350896,-0.9188331165478454,0.0
20089,-6.53348193359375,-6.55265576171875,-14.400934648381583,-14.46880187355172,6.75,4.625,11.75,-11.75,0.9874521484375001,0.819201806640625,-7.93317138671875,-7.90441064453125,1.590000033378601,-0.019999980926513672,1.590000033378601,16.05283041417599,1.4476500575244426,109.21629485000003,0.0,0.0,0.0,-38.45031667259025,false,0.0,0.711293166321066,0.020510486383115763,-0.9188331165478454,0.0
20150,-8.417310546875001,-6.6341445312500005,-14.400934648381583,-14.46880187355172,8.625,5.125,11.5,-11.55,0.36861684570312503,0.431890478515625,-5.272802734375,-7.55448828125,1.6100000143051147,-0.019999980926513672,1.6100000143051147,4.535970084369183,2.8631300498545174,109.46043545,0.0,0.0,0.0,84.04140644151884,false,0.0,0.016280877690026674,8.292765362942853E-4,-0.9188331165478454,0.0
20189,-12.108272460937501,-8.997318847656251,-14.404705044785853,-14.465031477147454,5.875,9.375,11.5,-11.55,-0.32691376953125,-0.276103125,-1.2750595703125,-4.40518701171875,1.6200000047683716,0.0,1.6200000047683716,-10.230059639513494,-16.921420736312868,109.27733,0.0,0.0,0.0,214.22319289014115,false,0.0,-0.6851999350214836,-0.019038369541514978,-0.9188331165478454,0.0
20249,-16.21626513671875,-15.40137744140625,-14.404705044785853,-14.465031477147454,1.5,8.75,7.340664711632454,-8.140322580645162,-1.385788427734375,-1.4054416015625,1.87424169921875,1.1791904296875,1.6200000047683716,0.0,1.6200000047683716,-0.06434000305598601,-4.439459888786078,109.6435409,0.0,0.0,0.0,-1.0,false,0.0,-1.7436513691218962,-0.04897335635568502,-0.9188331165478454,0.0
20289,-16.5182529296875,-17.275619140625,-14.404705044785853,-14.465031477147454,0.0,1.75,7.735581622678397,-6.278250244379278,-2.013731298828125,-2.07940166015625,2.0611865234375,2.818552734375,1.6200000047683716,0.009999990463256836,1.6200000047683716,3.0239798964560034,-21.618239708542824,109.6435409,0.0,0.0,0.0,-0.0,false,0.0,-2.371344000925126,-0.06669927256764357,-0.9188331165478454,0.0
20349,-15.588322265625001,-15.30550830078125,-14.404705044785853,-14.465031477147454,3.375,3.125,10.513685239491691,-9.77663734115347,-2.822866845703125,-2.842999365234375,0.556041015625,1.01141943359375,1.6200000047683716,0.0,1.6200000047683716,-2.2519000095874073,-9.264959601163865,109.82664635,0.0,0.0,0.0,-107.11159644507674,false,0.0,-3.157397586501009,-0.08888545716312063,-0.9188331165478454,0.0
20388,-13.22514794921875,-13.2203544921875,-14.400934648381583,-14.46880187355172,10.125,15.125,11.0,-10.95,-3.3314526367187502,-3.401437109375,-1.14563623046875,-1.20315771484375,1.6100000143051147,0.0,1.6100000143051147,-2.7987899194657806,-1.2867999712377787,109.6435409,0.0,0.0,0.0,-178.51932740845953,false,0.0,-3.408235382103933,-0.09595771215443213,-0.9188331165478454,0.0
20449,-12.707454589843751,-12.8943994140625,-14.400934648381583,-14.46880187355172,11.0,16.75,11.0,-10.95,-3.966585693359375,-4.038008203125,-1.51952587890625,-1.2750595703125,1.6100000143051147,-0.009999990463256836,1.6100000143051147,-6.369659965485335,23.902309064269065,109.94871665000002,0.0,0.0,0.0,-1.0,false,0.0,-4.3162368930843025,-0.1214790916791762,-0.9188331165478454,0.0
20488,-14.65359814453125,-15.0993896484375,-14.400934648381583,-14.46880187355172,6.75,8.75,10.162854349951127,-9.594721407624633,-4.985674658203125,-5.078667724609375,-0.03355419921875,0.3738896484375,1.6100000143051147,0.009999990463256836,1.6100000143051147,-2.5735999424755573,2.702279963567853,109.76561120000002,0.0,0.0,0.0,-27.464511908995032,false,0.0,-4.996640746177181,-0.14054391530729315,-0.9188331165478454,0.0
20548,-15.89989697265625,-16.197091308593752,-14.404705044785853,-14.465031477147454,1.25,1.5,7.710899315738026,-7.510850439882699,-5.663948828125,-5.7579005859375005,1.591427734375,1.79754638671875,1.6200000047683716,0.0,1.6200000047683716,2.4449199213832618,1.2867999712377787,110.0097518,0.0,0.0,0.0,-1.0,false,0.0,-6.025387180933398,-0.16954810565422826,-0.9188331165478454,0.0
20588,-16.05328759765625,-16.010146484375,-14.400934648381583,-14.46880187355172,0.0,0.75,7.9771749755620736,-8.948387096774194,-6.27655263671875,-6.33215673828125,1.3901025390625,1.073734375,1.6100000143051147,-0.019999980926513672,1.6100000143051147,0.4503800139017403,14.41216044485569,110.31492755000002,0.0,0.0,0.0,-1.0,false,0.0,-6.624806760334086,-0.18657898392553243,-0.9188331165478454,0.0
20649,-14.61525048828125,-14.2173935546875,-14.397164251977319,-14.472572269955986,3.875,10.5,10.783284457478008,-11.43088954056696,-7.104382666015625,-7.185871435546875,0.21570556640625,-0.24925976562500002,1.590000033378601,-0.009999990463256836,1.590000033378601,-4.6646498657763,-2.15539005368948,110.25389240000001,0.0,0.0,0.0,-1.0,false,0.0,-7.449194654311741,-0.20977861222621785,-0.9188331165478454,0.0
20688,-13.651765625,-13.81953662109375,-14.389623459168785,-14.480113062764518,9.75,14.875,11.9,-11.8,-7.7097962890625,-7.819566455078125,-0.81968115234375,-0.5081064453125,1.5800000429153442,0.0,1.5800000429153442,-3.763889957815409,-4.857669777572156,110.19285725,0.0,0.0,0.0,0.0,false,0.0,-8.06851343074107,-0.22686083795834314,-0.9188331165478454,0.0
20748,-13.790775878906251,-15.17129150390625,-14.39339385557305,-14.476342666360253,8.75,7.625,10.496041055718475,-9.316911045943304,-8.691496289062501,-8.8487216796875,-0.30198779296875,0.5272802734375001,1.590000033378601,0.009999990463256836,1.590000033378601,-4.439459888786078,-8.62156021475792,110.25389240000001,0.0,0.0,0.0,-27.46451190900012,false,0.0,-8.70340420919786,-0.24440215393649242,-0.9188331165478454,0.0
20789,-15.3103017578125,-15.89031005859375,-14.400934648381583,-14.46880187355172,3.25,1.75,8.403372434017594,-7.9812316715542515,-9.368811767578125,-9.5044666015625,1.0593540039062501,1.4476240234375,1.6100000143051147,0.0,1.6100000143051147,6.884380049854517,2.47708998657763,109.94871665000002,0.0,0.0,0.0,-13.73225595449685,false,0.0,-9.2029293173418,-0.25828148202960066,-0.9188331165478454,0.0
20850,-15.86154931640625,-15.6362568359375,-14.397164251977319,-14.472572269955986,0.125,2.125,7.86930596285435,-8.846138807429128,-10.006341552734375,-10.083995556640625,1.476384765625,1.00183251953125,1.600000023841858,-0.009999990463256836,1.600000023841858,5.050690168738366,-2.5092600517719985,110.43699785000001,0.0,0.0,0.0,-1.0,false,0.0,-10.022049216211457,-0.28123633266863496,-0.5158013712456292,0.0
20888,-15.11377001953125,-14.44268603515625,0.0,0.0,7.25,12.0,12.05,-11.9,-10.871081201171876,-11.012008837890626,0.69505126953125,-0.03834765625,1.6100000143051147,0.0,1.6100000143051147,-1.4476500575244426,-0.5468900297209621,110.62010330000001,0.0,0.0,0.0,126.33675478137002,false,0.0,-10.625788596657388,-0.29812620413365637,0.0,0.0
20948,-14.06879638671875,-14.19342626953125,0.0,0.0,28.25,29.5,-5.229912023460411,5.67663734115347,-11.369600732421874,-11.424246142578125,13.43606005859375,14.1023505859375,1.6200000047683716,0.009999990463256836,1.6200000047683716,-4.02125,12.16025971621275,110.49803300000002,0.0,0.0,0.0,-269.15221670812514,false,0.0,-11.35266967417197,-0.31853135237082447,0.0,0.0
20988,-11.0345380859375,-10.909908203125001,0.0,0.0,18.625,20.5,-7.20405669599218,7.719501466275661,-11.28475654296875,-11.31255859375,8.74805908203125,8.340615234375,1.649999976158142,0.009999990463256836,1.649999976158142,6.787869854271412,0.5468900297209621,109.21629485000003,0.0,0.0,0.0,-19.22515833629538,false,0.0,-11.26450578298461,-0.316021508366183,0.0,0.0
21048,0.0671083984375,-0.7957138671875,0.0,0.0,7.25,5.875,1.543010752688172,1.203958944281525,-10.828898779296875,-11.2722935546875,-1.476384765625,0.0,1.6200000047683716,-0.029999971389770508,1.6200000047683716,-2.0910499233007434,8.074669585824013,109.0331894,0.0,0.0,0.0,-925.5540513330865,false,0.0,-10.932218430351423,-0.3064130354880562,0.0,0.0
21089,5.4645410156250005,1.092908203125,0.0,0.0,9.875,1.0,6.483870967741935,-1.014076246334311,-10.68078095703125,-11.280442431640624,-5.7809091796875,-0.87720263671875,1.6100000143051147,0.0,1.6100000143051147,-2.1875601188838485,2.219729944393039,108.91111910000001,0.0,0.0,0.0,-164.7870714539564,false,0.0,-10.862262132884746,-0.30442742644129606,0.0,0.0
21148,3.06301904296875,-0.14859716796875,0.0,0.0,7.875,0.375,3.225806451612903,0.6574780058651026,-10.789592431640624,-11.2876326171875,-2.88086767578125,0.153390625,1.590000033378601,0.0,1.590000033378601,2.0910499233007434,-6.080129858106375,108.91111910000001,0.0,0.0,0.0,-1.0,false,0.0,-10.900834353968309,-0.30550710589123614,0.0,0.0
21188,-0.48413916015625,-0.05272802734375,0.0,0.0,0.375,0.125,-0.8279569892473119,0.6574780058651026,-10.895048486328125,-11.28667392578125,0.74298583984375,0.0479345703125,1.6200000047683716,0.009999990463256836,1.6200000047683716,-0.8042500119842589,2.1875601188838485,108.91111910000001,0.0,0.0,0.0,-332.32059409880986,false,0.0,-10.957135507837679,-0.307079969697877,0.0,0.0
21248,-2.0611865234375,-0.01438037109375,0.0,0.0,2.25,0.125,-2.5489736070381235,0.0,-10.93962763671875,-11.28188046875,2.03242578125,0.00479345703125,1.6399999856948853,0.0,1.6399999856948853,1.54416001342237,-4.439459888786078,108.85008395,0.0,0.0,0.0,-1.0,false,0.0,-11.00744648616157,-0.30851001421242336,0.0,0.0
21289,-0.84844189453125,0.057521484375,0.0,0.0,1.25,0.0,-1.1422287390029326,-0.709384164222874,-10.8849822265625,-11.28283916015625,0.91555029296875,-0.062314941406250005,1.6200000047683716,-0.009999990463256836,1.6200000047683716,-0.25736001222394406,1.4476500575244426,108.97215424999999,0.0,0.0,0.0,-142.8154619267701,false,0.0,-10.97486423121159,-0.3075806179087621,0.0,0.0
21348,0.3547158203125,0.0095869140625,0.0,0.0,0.125,0.0,0.7151515151515152,0.7151515151515152,-10.857659521484376,-11.287153271484375,-0.54166064453125,0.0095869140625,1.600000023841858,0.0,1.600000023841858,1.7693499904125929,-1.8980300115048887,108.97215424999999,0.0,0.0,0.0,-1.0,false,0.0,-10.956416653252491,-0.3070640331316786,0.0,0.0
21389,0.6998447265625,-0.0671083984375,0.0,0.0,0.5,0.0,0.7999999999999999,0.7151515151515152,-10.85526279296875,-11.288111962890625,-0.632736328125,0.0766953125,1.6200000047683716,0.009999990463256836,1.6200000047683716,-1.8980300115048887,1.8015200556069613,109.09422455,0.0,0.0,0.0,-2.746451190889834,false,0.0,-10.95186464393961,-0.30693690492028747,0.0,0.19251753208583058
21449,0.19653173828125,-0.043141113281250004,3.0244504290683984,-3.0244504290683984,14.75,17.0,-9.648484848484848,-9.793939393939395,-10.8543041015625,-11.29721953125,2.86169384765625,-2.971943359375,1.6399999856948853,0.009999990463256836,1.6399999856948853,-0.16084999640472233,-9.200620429515839,109.15525970000002,0.0,0.0,0.0,38.45031667259076,false,0.0,-10.9576144647887,-0.3071005249509974,0.0,0.3
21488,0.153390625,-0.4505849609375,4.713,-4.713,23.25,23.75,-9.45,-9.55,-10.7987,-11.432395019531251,4.4962626953125,-4.08881884765625,1.6299999952316284,-0.009999990463256836,1.6299999952316284,-1.1902900153398515,-2.7666200939565897,109.09422455,0.0,0.0,0.0,-1.0,false,0.0,-10.90203313986341,-0.3055091638599423,0.0,0.3
21548,1.5434931640625,-1.9605239257812501,4.713,-4.713,15.0,14.75,-9.45,-9.008553274682306,-10.56190322265625,-11.751159912109376,3.20682275390625,-1.8119267578125,1.6100000143051147,0.0,1.6100000143051147,-3.7960600230097774,0.16084999640472233,109.33836515000002,0.0,0.0,0.0,-0.0,false,0.0,-10.850044812994824,-0.3040425611376691,0.0,0.3
21589,3.3410395507812503,-4.659240234375,4.713,-4.713,8.875,5.75,-10.006647116324535,-8.631769305962855,-10.320792333984375,-11.99227080078125,0.8532353515625,0.26364013671875003,1.590000033378601,-0.009999990463256836,1.590000033378601,-3.2170000479370358,8.782410061359405,109.27733,0.0,0.0,0.0,-1.0,false,0.0,-10.853159337674475,-0.3041298296965302,0.0,0.3
21648,4.92288037109375,-5.40222607421875,4.713,-4.713,1.875,0.125,-7.86080156402737,-7.721994134897362,-9.963200439453125,-12.21468720703125,-0.56083447265625,0.766953125,1.6100000143051147,0.009999990463256836,1.6100000143051147,-0.4503800139017403,-0.8364200172573328,109.46043545,0.0,0.0,0.0,1340.2681811588293,false,0.0,-10.842138700205107,-0.3038214514020301,0.0,0.3
21689,5.579583984375,-5.3782587890625,4.713,-4.713,0.0,0.875,-8.233333333333333,-8.43010752688172,-9.769065429687501,-12.537286865234375,-0.81968115234375,0.632736328125,1.6200000047683716,0.0,1.6200000047683716,-3.313510003834963,-2.4127500958740713,109.52147060000001,0.0,0.0,0.0,-1.0,false,0.0,-10.735766477830346,-0.30081338072129826,0.0,0.3
21750,5.10503173828125,-5.0523037109375,4.713,-4.713,0.375,2.25,-9.005962854349951,-8.945014662756599,-9.5811619140625,-12.723272998046875,-0.287607421875,0.2780205078125,1.6100000143051147,-0.009999990463256836,1.6100000143051147,-2.15539005368948,1.0937800594419242,109.76561120000002,0.0,0.0,0.0,-1128.7914394596344,false,0.0,-10.55488580928312,-0.2956974231487902,0.0,0.3
21788,4.62568603515625,-4.73114208984375,4.713,-4.713,3.25,4.375,-9.621652003910068,-9.400048875855328,-9.298827294921875,-13.015673876953125,0.20611865234375001,-0.09107568359375,1.600000023841858,0.0,1.600000023841858,-3.667380001917482,-7.366930069029332,109.70457605000001,0.0,0.0,0.0,-1.0,false,0.0,-10.366098160034431,-0.2903911310470756,0.0,0.3
21848,4.52022998046875,-4.6304794921875,4.713,-4.713,3.5,5.25,-9.131231671554252,-9.004887585532748,-9.096543408203125,-13.217478417968751,0.18694482421875,-0.0766953125,1.6100000143051147,0.009999990463256836,1.6100000143051147,-1.1259500047937037,0.5147200244478881,109.82664635,0.0,0.0,0.0,-1.0,false,0.0,-10.16676808662118,-0.2848235889511689,0.0,0.3
21887,4.659240234375,-4.79345703125,4.713,-4.713,2.25,4.25,-8.935972629521016,-8.729227761485825,-8.89761494140625,-13.43701875,0.02396728515625,0.153390625,1.6200000047683716,0.009999990463256836,1.6200000047683716,2.3484099654853345,-2.380580030679703,109.94871665000002,0.0,0.0,0.0,-1.0,false,0.0,-10.072613840818347,-0.28217715586637776,0.0,0.3
21947,4.65444677734375,-4.98040185546875,4.713,-4.713,1.75,2.5,-9.161290322580646,-8.774193548387096,-8.61000751953125,-13.74092392578125,0.05272802734375,0.26843359375,1.6100000143051147,-0.009999990463256836,1.6100000143051147,-0.9329299731552602,-3.7960600230097774,109.6435409,0.0,0.0,0.0,-582.2476524706628,false,0.0,-9.930784110279475,-0.2781699630963983,0.0,0.3
21988,4.6113056640625,-4.91329345703125,4.713,-4.713,1.875,2.875,-9.208211143695015,-8.84457478005865,-8.409161669921875,-13.939852392578125,0.09107568359375,0.210912109375,1.600000023841858,0.0,1.600000023841858,1.4798200028762223,1.4476500575244426,109.94871665000002,0.0,0.0,0.0,-1128.7914394595894,false,0.0,-9.929107058528896,-0.2781229723339346,0.0,0.3
22049,4.70238134765625,-4.79345703125,4.713,-4.713,1.625,4.125,-8.956989247311828,-8.956989247311828,-8.104297802734376,-14.239922802734375,-0.057521484375,0.057521484375,1.6100000143051147,0.009999990463256836,1.6100000143051147,-2.316239900290966,3.1204900920391085,110.13182210000002,0.0,0.0,0.0,-1.0,false,0.0,-9.625799529621814,-0.26965082580088223,0.0,0.3
22094,4.8030439453125,-4.8030439453125,4.713,-4.713,1.5,4.125,-8.956989247311828,-8.86392961876833,-7.9130388671875,-14.45610771484375,-0.062314941406250005,0.134216796875,1.6200000047683716,0.009999990463256836,1.6200000047683716,-1.3833100469782948,0.12868000611197203,110.0097518,0.0,0.0,0.0,-1.0,false,0.0,-9.535478535580374,-0.26711213468769957,0.0,0.3
22149,4.67362060546875,-4.9037065429687505,4.713,-4.713,1.75,3.0,-9.154740957966766,-8.77086999022483,-7.6287868652343755,-14.759533544921876,0.1054560546875,0.21570556640625,1.6200000047683716,0.0,1.6200000047683716,-3.828230088204146,-2.7344500287622213,110.49803300000002,0.0,0.0,0.0,-1159.0024025595255,false,0.0,-9.44587673073952,-0.264577525840817,0.0,0.3
22189,4.5346103515625,-4.92288037109375,4.713,-4.713,2.25,2.875,-9.247800586510264,-8.805767350928642,-7.4308170898437504,-14.958941357421875,0.1629775390625,0.153390625,1.600000023841858,-0.009999990463256836,1.600000023841858,0.5147200244478881,2.5092600517719985,110.31492755000002,0.0,0.0,0.0,-1.0,false,0.0,-9.345253872002909,-0.261749299086096,0.0,0.3
22249,4.67362060546875,-4.78866357421875,4.713,-4.713,1.875,4.0,-9.015151515151516,-8.94535679374389,-7.222301708984375,-15.158828515625,-0.0095869140625,0.0671083984375,1.600000023841858,0.0,1.600000023841858,-4.2464399769902235,-0.9007600278034806,110.25389240000001,0.0,0.0,0.0,-1.0,false,0.0,-9.240797245991473,-0.258831728675072,0.0,1.4472997736490701E-4
22292,4.8222177734375,-4.774283203125,0.002273707944402689,-0.002273707944402689,12.5,14.375,4.302297165200391,4.3613391984359735,-7.021935205078125,-15.35344287109375,-4.8222177734375,4.73114208984375,1.600000023841858,0.0,1.600000023841858,-2.219729944393039,-3.924740044102073,110.43699785000001,0.0,0.0,0.0,-1.0,false,0.0,-9.04050886197384,-0.25323716745735336,0.0,0.0
22349,3.9402216796875003,-3.04384521484375,-0.006744440897680056,0.006744440897680056,11.25,9.375,2.891006842619746,1.91969696969697,-7.011389599609375,-15.236961865234376,-3.24517041015625,2.0803603515625,1.600000023841858,-0.009999990463256836,1.600000023841858,-2.637940072864294,-1.1259500047937037,110.3759627,0.0,0.0,0.0,-1.0,false,0.0,-9.016311385754138,-0.2525597014708048,0.0,-4.29308777700831E-4
22395,1.57704736328125,-0.2780205078125,-0.006744440897680056,0.006744440897680056,1.75,0.75,1.0520527859237536,-0.6192570869990225,-7.1019859375,-15.182316455078125,-0.460171875,-0.671083984375,1.600000023841858,0.0,1.600000023841858,-1.0937800594419242,2.380580030679703,110.31492755000002,0.0,0.0,0.0,-1.0,false,0.0,-9.06614389532933,-0.253951900602682,0.0,-0.3
22448,-0.9107568359375,1.46200439453125,-2.913037493507618,2.913037493507618,7.5,8.875,7.895307917888562,7.424242424242424,-7.134102099609375,-15.168894775390624,-1.3517548828125001,1.3325810546875,1.6100000143051147,0.009999990463256836,1.6100000143051147,4.986350038349629,-2.927469940558076,110.49803300000002,0.0,0.0,0.0,-1.0,false,0.0,-9.141850987852742,-0.2560665912065087,0.0,-0.3
22488,-2.1426752929687503,1.5818408203125,-4.713,4.713,16.625,19.625,12.35,12.25,-7.318170849609375,-14.97955322265625,-2.56929296875,3.13012744140625,1.600000023841858,0.009999990463256836,1.600000023841858,-0.6112299803458154,-3.313510003834963,110.86424389999999,0.0,0.0,0.0,755.2740774973247,false,0.0,-9.187610660946724,-0.2573445444713522,0.0,-0.3
22548,-2.8281396484375,2.59326025390625,-4.713,4.713,16.5,18.5,9.596774193548388,9.755913978494625,-7.5204547363281256,-14.775831298828125,-1.5243193359375,1.63456884765625,1.600000023841858,0.0,1.600000023841858,0.8042500119842589,-0.5147200244478881,110.55906815,0.0,0.0,0.0,-1.0,false,0.0,-9.383826180480737,-0.26282586336976504,0.0,-0.3
22588,-4.6113056640625,4.735935546875,-4.713,4.713,3.0,4.5,8.22140762463343,8.136803519061584,-7.85839345703125,-14.42638828125,-0.2396728515625,0.12462988281250001,1.600000023841858,0.0,1.600000023841858,1.3833100469782948,4.922009907960892,110.80320875000001,0.0,0.0,0.0,-1.0,false,0.0,-9.613822410931606,-0.26925023988771946,0.0,-0.3
22648,-5.10023828125,5.3590849609375,-4.713,4.713,0.5,0.625,7.543988269794721,7.2705278592375375,-8.047735009765626,-14.203971875,0.3930634765625,-0.6854643554687501,1.600000023841858,0.0,1.600000023841858,2.1232199884951117,1.318970036432147,110.86424389999999,0.0,0.0,0.0,-1.0,false,0.0,-9.91090087526398,-0.27754839289007727,0.0,-0.3
22688,-4.966021484375,5.368671875,-4.713,4.713,0.625,0.875,9.028836754643207,8.537878787878787,-8.257688427734376,-13.9988119140625,0.210912109375,-0.60876904296875,1.600000023841858,0.0,1.600000023841858,-0.12868000611197203,-3.9569101092964414,111.1083845,0.0,0.0,0.0,-1.0,false,0.0,-10.1207724355504,-0.28341063646271064,0.0,-0.3
22748,-4.8365981445312505,4.966021484375,-4.713,4.713,1.625,3.125,9.136608015640274,8.980938416422287,-8.561593603515625,-13.702096923828126,0.12462988281250001,-0.24925976562500002,1.600000023841858,0.0,1.600000023841858,-0.48254998921416703,-2.1875601188838485,110.98631420000001,0.0,0.0,0.0,-1.0,false,0.0,-10.424559123270924,-0.29189616711350874,0.0,-0.3
22788,-4.8557719726562505,4.74072900390625,-4.713,4.713,1.625,4.5,8.85229716520039,9.003519061583578,-8.761960107421876,-13.507482568359375,0.11983642578125,-0.019173828125,1.600000023841858,0.0,1.600000023841858,-2.541430116966367,-8.975430452525616,111.16941965000001,0.0,0.0,0.0,-1.0,false,0.0,-10.624847507288559,-0.2974907283312274,0.0,-0.3
22848,-4.72155517578125,4.6496533203125,-4.713,4.713,2.125,4.625,9.108211143695016,9.084946236559139,-9.032311083984375,-13.203098046875,-0.07190185546875,0.0479345703125,1.600000023841858,0.0,1.600000023841858,-1.0937800594419242,-1.1902900153398515,111.1083845,0.0,0.0,0.0,-1.0,false,0.0,-10.801177950634225,-0.3024160836616592,0.0,-0.3
22888,-4.48667578125,4.7982504882812504,-4.713,4.713,2.625,3.75,9.243695014662757,8.896187683284458,-9.239388427734376,-12.995541357421875,-0.21570556640625,-0.1054560546875,1.600000023841858,0.0,1.600000023841858,-2.7666200939565897,5.919280011504889,111.23045479999999,0.0,0.0,0.0,-1.0,false,0.0,-10.997633064144342,-0.3079035719374119,0.0,-0.3
22948,-4.64485986328125,4.927673828125,-4.713,4.713,2.375,3.125,8.988856304985337,8.710850439882698,-9.4488625,-12.786546630859375,0.0,-0.2300859375,1.600000023841858,0.0,1.600000023841858,2.316239900290966,-3.5065299156308174,111.41356024999999,0.0,0.0,0.0,-1.0,false,0.0,-11.311482086947091,-0.3166701690608706,0.0,0.0
22989,-4.94684765625,4.8605654296875,0.0,0.0,18.0,18.875,-5.965542521994136,-5.942375366568916,-9.745577490234375,-12.539204248046875,4.94205419921875,-4.8365981445312505,1.600000023841858,-0.009999990463256836,1.600000023841858,5.018520103543997,3.570870046019554,111.65770085,0.0,0.0,0.0,-1161.7488537503793,false,0.0,-11.418574075313488,-0.3196617493561702,0.0,0.0
23049,-4.28055712890625,3.48963671875,0.0,0.0,15.75,14.25,-4.107771260997067,-3.3000000000000003,-9.758040478515625,-12.60966806640625,4.13675341796875,-3.2691376953125,1.6100000143051147,0.009999990463256836,1.6100000143051147,-1.6085000239685179,0.0,111.4745954,0.0,0.0,0.0,285.63092385351985,false,0.0,-11.476791793313689,-0.32129070031899554,0.0,0.0
23088,-2.01804541015625,0.7573662109375,0.0,0.0,2.875,1.625,-0.8291788856304986,0.5709677419354839,-9.65689853515625,-12.69978505859375,0.8388549804687501,0.33074853515625,1.600000023841858,-0.009999990463256836,1.600000023841858,-1.833690000958741,2.15539005368948,111.718736,0.0,0.0,0.0,519.0792750799598,false,0.0,-11.471281480418922,-0.3211363020994721,0.0,0.0
23149,1.53390625,-1.57704736328125,0.0,0.0,1.0,1.25,1.8516129032258064,1.9838709677419357,-9.559591357421874,-12.730942529296875,-1.48117822265625,1.5818408203125,1.590000033378601,0.0,1.590000033378601,0.25736001222394406,-1.6085000239685179,111.35252510000001,0.0,0.0,0.0,-76.90063334519321,false,0.0,-11.41689694877304,-0.3196174347177195,0.0,0.0
23188,1.5434931640625,-0.786126953125,0.0,0.0,1.75,0.875,1.6231671554252198,0.709384164222874,-9.571575,-12.70361982421875,-1.29902685546875,0.50331298828125,1.5800000429153442,-0.009999990463256836,1.5800000429153442,-0.6755699908919632,2.4127500958740713,111.84080630000003,0.0,0.0,0.0,-1.0,false,0.0,-11.428875977325747,-0.3199499469335375,0.0,0.0
23248,-0.062314941406250005,0.153390625,0.0,0.0,0.375,0.125,0.709384164222874,-0.709384164222874,-9.621426953125,-12.68252861328125,-0.11504296875,-0.325955078125,1.590000033378601,0.0,1.590000033378601,-0.12868000611197203,-0.7399100014381111,111.77977115000002,0.0,0.0,0.0,-1.0,false,0.0,-11.451875719096464,-0.3205881194995556,0.0,0.0
23289,-0.60876904296875,0.3738896484375,0.0,0.0,0.375,0.0,-0.7757575757575758,-0.7151515151515152,-9.635327978515624,-12.68636337890625,0.61835595703125,-0.34512890625000003,1.590000033378601,0.0,1.590000033378601,-0.5147200244478881,2.7344500287622213,111.96287660000002,0.0,0.0,0.0,-1.0,false,0.0,-11.473437970491336,-0.3211866414880281,0.0,0.0
23349,-0.49372607421875003,0.09107568359375,0.0,0.0,0.125,0.0,-0.7151515151515152,-0.7151515151515152,-9.632451904296875,-12.6911568359375,0.34512890625000003,-0.0479345703125,1.5800000429153442,0.0,1.5800000429153442,-0.3860400033555925,0.12868000611197203,111.84080630000003,0.0,0.0,0.0,-35.7038654816798,false,0.0,-11.478948321888202,-0.32133965982939255,0.0,0.0
23388,0.00479345703125,-0.08628222656250001,0.0,0.0,0.125,0.125,0.0,0.7151515151515152,-9.6195095703125,-12.6911568359375,0.0,0.08628222656250001,1.5800000429153442,0.0,1.5800000429153442,-2.7344500287622213,-0.997269983701408,112.20701720000002,0.0,0.0,0.0,-1.0,false,0.0,-11.470323379676941,-0.32110175636533067,0.0,0.0
23448,0.15818408203125,-0.0287607421875,0.0,0.0,0.25,0.125,0.7151515151515152,0.7151515151515152,-9.61663349609375,-12.687801416015626,-0.16777099609375,0.0,1.5800000429153442,0.0,1.5800000429153442,0.5790599750727415,0.5468900297209621,111.96287660000002,0.0,0.0,0.0,21.97160952717974,false,0.0,-11.462896353618964,-0.32089662325290236,0.0,0.0
23488,0.12462988281250001,0.05272802734375,0.0,0.0,0.125,0.125,0.7151515151515152,-0.7151515151515152,-9.617112841796875,-12.684925341796875,-0.09107568359375,-0.0671083984375,1.590000033378601,0.0,1.590000033378601,-2.7666200939565897,-1.9301999568566681,112.14598205000001,0.0,0.0,0.0,-2.746451190900012,false,0.0,-11.463135935924964,-0.32090321077506323,0.0,0.0
23548,-0.0095869140625,0.03834765625,0.0,0.0,0.125,0.0,-0.7151515151515152,-0.7151515151515152,-9.623823681640625,-12.689718798828125,0.019173828125,-0.0287607421875,1.5800000429153442,-0.009999990463256836,1.5800000429153442,-1.8658599463105203,1.833690000958741,112.14598205000001,0.0,0.0,0.0,10.985804763600049,false,0.0,-11.468885877738032,-0.3210625239355779,0.0,0.0
23589,-0.08148876953125,-0.03834765625,0.0,0.0,0.125,0.0,-0.7151515151515152,0.7151515151515152,-9.6271791015625,-12.69307421875,0.08628222656250001,0.05272802734375,1.5800000429153442,0.0,1.5800000429153442,0.997269983701408,-2.316239900290966,112.39012265000002,0.0,0.0,0.0,-1.0,false,0.0,-11.4722400219313,-0.32115504194937977,0.0,0.0
23649,-0.0766953125,-0.03355419921875,0.0,0.0,0.125,0.125,-0.7151515151515152,0.7151515151515152,-9.6271791015625,-12.687801416015626,0.0766953125,0.03355419921875,1.5800000429153442,0.0,1.5800000429153442,1.5763299587741495,0.997269983701408,112.14598205000001,0.0,0.0,0.0,-1.0,false,0.0,-11.4722400219313,-0.32115504194937977,0.0,0.0
23689,0.0,0.043141113281250004,0.0,0.0,0.125,0.125,0.0,-0.7151515151515152,-9.6195095703125,-12.6834873046875,-0.00479345703125,-0.0479345703125,1.5800000429153442,0.0,1.5800000429153442,-0.772080006711185,-0.12868000611197203,112.4511578,0.0,0.0,0.0,-1.0,false,0.0,-11.469365041194212,-0.3210757407946925,0.0,0.0
23749,0.08148876953125,0.07190185546875,0.0,0.0,0.25,0.0,0.7151515151515152,-0.7151515151515152,-9.61663349609375,-12.6854046875,-0.095869140625,-0.057521484375,1.590000033378601,0.009999990463256836,1.590000033378601,1.2867999712377787,-1.3511399817839265,112.57322810000002,0.0,0.0,0.0,-1.0,false,0.0,-11.461698425895312,-0.3208642710488597,0.0,0.0
23788,0.07190185546875,-0.0287607421875,0.0,0.0,0.125,0.0,0.7151515151515152,0.7151515151515152,-9.617112841796875,-12.691636181640625,-0.0766953125,0.019173828125,1.5800000429153442,-0.009999990463256836,1.5800000429153442,-1.2546300258859993,1.2867999712377787,112.75633355000002,0.0,0.0,0.0,-1.0,false,0.0,-11.463135912796396,-0.32090404707058157,0.0,0.0
23849,0.0,-0.062314941406250005,0.0,0.0,0.125,0.125,-0.7151515151515152,0.7151515151515152,-9.622864990234374,-12.688760107421876,0.019173828125,0.057521484375,1.590000033378601,0.0,1.590000033378601,0.997269983701408,-2.316239900290966,112.87840385000001,0.0,0.0,0.0,-1.0,false,0.0,-11.468885846501696,-0.3210636529341742,0.0,0.0
23889,-0.07190185546875,-0.0095869140625,0.0,0.0,0.125,0.125,-0.7180351906158359,-0.7180351906158359,-9.626699755859375,-12.683007958984374,0.08628222656250001,-0.0095869140625,1.590000033378601,0.0,1.590000033378601,0.8042500119842589,2.8953001150488853,112.75633355000002,0.0,0.0,0.0,-1.0,false,0.0,-11.473198296780671,-0.32118335733186876,0.0,0.0
23949,-0.0766953125,0.0671083984375,0.0,0.0,0.125,0.0,-0.7180351906158359,-0.7180351906158359,-9.626699755859375,-12.68444599609375,0.07190185546875,-0.0671083984375,1.590000033378601,0.0,1.590000033378601,-1.0294400488957762,0.0,112.93943900000002,0.0,0.0,0.0,-1.0,false,0.0,-11.472719135638563,-0.321170056843236,0.0,0.0
23989,-0.00479345703125,0.01438037109375,0.0,0.0,0.125,0.0,0.0,0.0,-9.62046826171875,-12.689239453125,-0.02396728515625,0.0095869140625,1.590000033378601,0.0,1.590000033378601,-3.8925699789077046,-1.1259500047937037,112.87840385000001,0.0,0.0,0.0,-1.0,false,0.0,-11.466490040791156,-0.32099715049101063,0.0,0.0
24049,0.08628222656250001,-0.05272802734375,0.0,0.0,0.125,0.125,0.7180351906158359,0.7180351906158359,-9.6175921875,-12.6873220703125,-0.09107568359375,0.057521484375,1.590000033378601,0.0,1.590000033378601,0.3538699980825186,1.1902900153398515,113.1835796,0.0,0.0,0.0,-1.0,false,0.0,-11.463615073938504,-0.3209173475592143,0.0,0.0
24089,0.07190185546875,0.0,0.0,0.0,0.125,0.125,0.7180351906158359,0.0,-9.6175921875,-12.6834873046875,-0.057521484375,-0.01438037109375,1.590000033378601,0.0,1.590000033378601,1.158119950145483,-3.3456800690293313,113.1835796,0.0,0.0,0.0,-1.0,false,0.0,-11.463615073938504,-0.3209173475592143,0.0,0.0
24148,0.0,0.057521484375,0.0,0.0,0.125,0.0,-0.7180351906158359,-0.7180351906158359,-9.622864990234374,-12.682049267578126,0.01438037109375,-0.0671083984375,1.590000033378601,0.0,1.590000033378601,1.1259500047937037,3.08832002684474,113.00047415,0.0,0.0,0.0,-1.0,false,0.0,-11.468885846501694,-0.32106365293417427,0.0,0.0
24189,-0.08628222656250001,0.01438037109375,0.0,0.0,0.125,0.0,-0.7180351906158359,0.0,-9.6271791015625,-12.688280761718751,0.08628222656250001,-0.00479345703125,1.5800000429153442,-0.009999990463256836,1.5800000429153442,0.4503800139017403,-0.16084999640472233,112.8173687,0.0,0.0,0.0,-1.0,false,0.0,-11.473677457922777,-0.32119665782050155,0.0,0.0
24249,-0.0766953125,-0.05272802734375,0.0,0.0,0.125,0.0,-0.7180351906158359,0.7180351906158359,-9.6271791015625,-12.687801416015626,0.07190185546875,0.057521484375,1.5800000429153442,0.0,1.5800000429153442,1.158119950145483,-1.3833100469782948,113.1835796,0.0,0.0,0.0,-1.0,false,0.0,-11.474396201373319,-0.3212165458313625,0.0,0.0
24290,-0.0095869140625,-0.03355419921875,0.0,0.0,0.125,0.125,0.7180351906158359,0.0,-9.618071533203125,-12.681569921875,-0.0287607421875,0.0,1.5800000429153442,0.0,1.5800000429153442,-0.6755699908919632,-0.16084999640472233,113.42772020000001,0.0,0.0,0.0,-1.0,false,0.0,-11.468646239899146,-0.3210579435219879,0.0,0.0
24349,0.09107568359375,0.0671083984375,0.0,0.0,0.25,0.0,0.7180351906158359,-0.7180351906158359,-9.6175921875,-12.68061123046875,-0.09107568359375,-0.0671083984375,1.5800000429153442,0.0,1.5800000429153442,-2.219729944393039,-1.705009979866445,113.5497905,0.0,0.0,0.0,-1.0,false,0.0,-11.464812932249695,-0.3209522086490715,0.0,0.0
24388,0.0766953125,0.0479345703125,0.0,0.0,0.125,0.0,0.7180351906158359,-0.7180351906158359,-9.6175921875,-12.684925341796875,-0.057521484375,-0.02396728515625,1.5800000429153442,0.0,1.5800000429153442,-1.833690000958741,2.1875601188838485,113.61082565000001,0.0,0.0,0.0,-1.0,false,0.0,-11.464812932249695,-0.3209522086490715,0.0,0.0
24450,-0.0287607421875,-0.05272802734375,0.0,0.0,0.125,0.0,-0.7180351906158359,0.7180351906158359,-9.625741064453125,-12.686842724609376,0.0287607421875,0.0479345703125,1.5800000429153442,0.0,1.5800000429153442,1.8015200556069613,-1.8658599463105203,113.61082565000001,0.0,0.0,0.0,-1.0,false,0.0,-11.469604566811507,-0.321084377240217,0.0,0.0
24488,-0.08148876953125,-0.03355419921875,0.0,0.0,0.125,0.0,0.0,0.0,-9.6271791015625,-12.684925341796875,0.0287607421875,0.05272802734375,1.5800000429153442,0.009999990463256836,1.5800000429153442,3.0239798964560034,-0.32169999280944467,113.67186079999999,0.0,0.0,0.0,-1.0,false,0.0,-11.469604566811507,-0.321084377240217,0.0,0.0
24549,-0.08148876953125,0.0095869140625,0.0,0.0,0.125,0.0,0.0,0.0,-9.6271791015625,-12.684925341796875,0.0287607421875,0.05272802734375,1.5700000524520874,0.0,1.5700000524520874,0.3860400033555925,0.3860400033555925,113.67186079999999,0.0,0.0,0.0,-1.0,false,0.0,-11.469604566811507,-0.321084377240217,0.0,0.0
24590,-0.00479345703125,0.00479345703125,0.0,0.0,0.125,0.0,0.0,0.0,-9.6271791015625,-12.684925341796875,0.0287607421875,0.05272802734375,1.5700000524520874,0.0,1.5700000524520874,-3.763889957815409,-0.6755699908919632,113.9160014,0.0,0.0,0.0,-1.0,false,0.0,-11.469604566811507,-0.321084377240217,0.0,0.0
24649,0.0,0.0,0.0,0.0,0.125,0.0,0.0,0.0,-9.6271791015625,-12.684925341796875,0.0287607421875,0.05272802734375,1.559999942779541,0.0,1.559999942779541,-1.0616099942475559,0.997269983701408,113.9160014,0.0,0.0,0.0,-1.0,false,0.0,-11.469604566811507,-0.321084377240217,0.0,0.0
24692,0.0,0.0,0.0,0.0,0.125,0.0,0.0,0.0,-9.6271791015625,-12.684925341796875,0.0287607421875,0.05272802734375,1.559999942779541,0.0,1.559999942779541,0.9007600278034806,-0.28952998753637077,114.03807169999999,0.0,0.0,0.0,-1.0,false,0.0,-11.469604566811507,-0.321084377240217,0.0,0.0
24750,0.0,0.0,0.0,0.0,0.125,0.0,0.0,0.0,-9.6271791015625,-12.684925341796875,0.0287607421875,0.05272802734375,1.5700000524520874,0.0,1.5700000524520874,2.1232199884951117,2.0588800977915525,114.03807169999999,0.0,0.0,0.0,-1.0,false,0.0,-11.469604566811507,-0.321084377240217,0.0,0.0
24789,0.0,0.0,0.0,0.0,0.125,0.0,0.0,0.0,-9.6271791015625,-12.684925341796875,0.0287607421875,0.05272802734375,1.559999942779541,0.0,1.559999942779541,-0.6112299803458154,0.0,114.09910685,0.0,0.0,0.0,-1.0,false,0.0,-11.469604566811507,-0.321084377240217,0.0,0.0
24848,0.0,0.0,0.0,0.0,0.125,0.0,0.0,0.0,-9.6271791015625,-12.684925341796875,0.0287607421875,0.05272802734375,1.559999942779541,0.0,1.559999942779541,-2.380580030679703,-2.316239900290966,114.03807169999999,0.0,0.0,0.0,-1.0,false,0.0,-11.469604566811507,-0.321084377240217,0.0,0.0
24888,0.0,0.0,0.0,0.0,0.125,0.0,0.0,0.0,-9.6271791015625,-12.684925341796875,0.0287607421875,0.05272802734375,1.559999942779541,0.0,1.559999942779541,0.4503800139017403,0.7077399961650372,114.2822123,0.0,0.0,0.0,-1.0,false,0.0,-11.469604566811507,-0.321084377240217,0.0,0.0
24951,0.0,0.0,0.0,0.0,0.125,0.0,0.0,0.0,-9.6271791015625,-12.684925341796875,0.0287607421875,0.05272802734375,1.559999942779541,0.0,1.559999942779541,1.4798200028762223,-1.1259500047937037,114.40428260000002,0.0,0.0,0.0,-1.0,false,0.0,-11.469604566811507,-0.321084377240217,0.0,0.0
24990,0.0,0.0,0.0,0.0,0.125,0.0,0.0,0.0,-9.6271791015625,-12.684925341796875,0.0287607421875,0.05272802734375,1.559999942779541,0.0,1.559999942779541,0.7077399961650372,0.7399100014381111,114.5263529,0.0,0.0,0.0,-1.0,false,0.0,-11.469604566811507,-0.321084377240217,0.0,0.0
25029,0.0,0.0,0.0,0.0,0.125,0.0,0.0,0.0,-9.6271791015625,-12.684925341796875,0.0287607421875,0.05272802734375,1.5499999523162842,0.0,1.5499999523162842,-0.5468900297209621,0.48254998921416703,114.40428260000002,0.0,0.0,0.0,-1.0,false,0.0,-11.469604566811507,-0.321084377240217,0.0,0.0
25088,0.0,0.0,0.0,0.0,0.125,0.0,0.0,0.0,-9.6271791015625,-12.684925341796875,0.0287607421875,0.05272802734375,1.5499999523162842,0.0,1.5499999523162842,-0.19302000167779626,0.6433999856188893,114.34324745,0.0,0.0,0.0,-1.0,false,0.0,-11.469604566811507,-0.321084377240217,0.0,0.0
25128,0.0,0.0,0.0,0.0,0.125,0.0,0.0,0.0,-9.6271791015625,-12.684925341796875,0.0287607421875,0.05272802734375,1.5499999523162842,0.0,1.5499999523162842,0.12868000611197203,0.0,114.40428260000002,0.0,0.0,0.0,-1.0,false,0.0,-11.469604566811507,-0.321084377240217,0.0,0.0
25190,0.0,0.0,0.0,0.0,0.125,0.0,0.0,0.0,-9.6271791015625,-12.684925341796875,0.0287607421875,0.05272802734375,1.5499999523162842,0.0,1.5499999523162842,0.03217000152799301,0.5147200244478881,114.34324745,0.0,0.0,0.0,-1.0,false,0.0,-11.469604566811507,-0.321084377240217,0.0,0.0
25249,0.0,0.0,0.0,0.0,0.125,0.0,0.0,0.0,-9.6271791015625,-12.684925341796875,0.0287607421875,0.05272802734375,1.5499999523162842,0.0,1.5499999523162842,0.0,-0.16084999640472233,114.2822123,0.0,0.0,0.0,-1.0,false,0.0,-11.469604566811507,-0.321084377240217,0.0,0.0
25289,0.0,0.0,0.0,0.0,0.125,0.0,0.0,0.0,-9.6271791015625,-12.684925341796875,0.0287607421875,0.05272802734375,1.5499999523162842,0.0,1.5499999523162842,-0.06434000305598601,-0.4182100086286664,114.2822123,0.0,0.0,0.0,-1.0,false,0.0,-11.469604566811507,-0.321084377240217,0.0,0.0
25329,0.0,0.0,0.0,0.0,0.125,0.0,0.0,0.0,-9.6271791015625,-12.684925341796875,0.0287607421875,0.05272802734375,1.5499999523162842,0.0,1.5499999523162842,-0.03217000152799301,0.48254998921416703,114.22117714999999,0.0,0.0,0.0,-1.0,false,0.0,-11.469604566811507,-0.321084377240217,0.0,0.0
25388,0.0,0.0,0.0,0.0,0.125,0.0,0.0,0.0,-9.6271791015625,-12.684925341796875,0.0287607421875,0.05272802734375,1.5499999523162842,0.0,1.5499999523162842,-0.03217000152799301,-0.3538699980825186,114.16014200000001,0.0,0.0,0.0,-1.0,false,0.0,-11.469604566811507,-0.321084377240217,0.0,0.0
25448,0.0,0.0,0.0,0.0,0.125,0.0,0.0,0.0,-9.6271791015625,-12.684925341796875,0.0287607421875,0.05272802734375,1.5499999523162842,0.0,1.5499999523162842,0.0,0.09651000083889813,114.16014200000001,0.0,0.0,0.0,-1.0,false,0.0,-11.469604566811507,-0.321084377240217,0.0,0.0
25488,0.0,0.0,0.0,0.0,0.125,0.0,0.0,0.0,-9.6271791015625,-12.684925341796875,0.0287607421875,0.05272802734375,1.5499999523162842,0.0,1.5499999523162842,-0.06434000305598601,0.0,114.22117714999999,0.0,0.0,0.0,-1.0,false,0.0,-11.469604566811507,-0.321084377240217,0.0,0.0
25549,0.0,0.0,0.0,0.0,0.125,0.0,0.0,0.0,-9.6271791015625,-12.684925341796875,0.0287607421875,0.05272802734375,1.5499999523162842,0.0,1.5499999523162842,0.0,-0.09651000083889813,114.16014200000001,0.0,0.0,0.0,-1.0,false,0.0,-11.469604566811507,-0.321084377240217,0.0,0.0
25590,0.0,0.0,0.0,0.0,0.125,0.0,0.0,0.0,-9.6271791015625,-12.684925341796875,0.0287607421875,0.05272802734375,1.54